AREA_CODE,AREA_NAME,COMPONENT,SEX,AGE_GROUP,2023,2024,2025,2026,2027,2028,2029,2030,2031,2032,2033,2034,2035,2036,2037,2038,2039,2040,2041,2042,2043,2044,2045,2046,2047
E09000022,Lambeth,Internal migration in,males,0,50.22,50.963,51.713,51.74,51.72,52.037,52.186,52.434,52.72,53.028,53.368,53.707,54.076,54.469,54.888,55.336,55.794,56.254,56.708,57.149,57.538,57.857,58.121,58.329,58.492
E09000022,Lambeth,Internal migration in,males,1,125.372,123.655,125.215,126.419,126.366,126.294,127.052,127.426,128.021,128.697,129.424,130.232,131.041,131.923,132.865,133.87,134.948,136.049,137.155,138.247,139.304,140.237,140.998,141.626,142.119
E09000022,Lambeth,Internal migration in,males,2,115.89,119.707,117.404,117.409,118.231,118.16,118.097,118.782,119.124,119.646,120.24,120.879,121.597,122.323,123.117,123.965,124.873,125.846,126.841,127.839,128.823,129.774,130.611,131.288,131.846
E09000022,Lambeth,Internal migration in,males,3,99.5,97.712,100.396,97.099,96.833,97.476,97.459,97.477,98.004,98.263,98.664,99.123,99.623,100.184,100.76,101.391,102.067,102.792,103.569,104.366,105.163,105.948,106.706,107.37,107.905
E09000022,Lambeth,Internal migration in,males,4,89.452,89.139,87.041,88.455,85.215,84.974,85.606,85.676,85.714,86.134,86.349,86.686,87.073,87.493,87.968,88.46,89.001,89.581,90.204,90.872,91.557,92.243,92.918,93.568,94.136
E09000022,Lambeth,Internal migration in,males,5,74.014,74.707,74.233,71.235,72.175,69.628,69.458,70.037,70.088,70.149,70.498,70.671,70.947,71.263,71.612,72.002,72.404,72.848,73.322,73.831,74.376,74.934,75.494,76.044,76.574
E09000022,Lambeth,Internal migration in,males,6,63.075,61.984,62.139,61.153,58.583,59.282,57.197,57.121,57.607,57.644,57.684,57.955,58.093,58.314,58.565,58.844,59.156,59.481,59.841,60.224,60.637,61.079,61.533,61.987,62.434
E09000022,Lambeth,Internal migration in,males,7,61.123,59.577,58.278,57.89,56.79,54.445,55.18,53.283,53.246,53.7,53.742,53.778,54.021,54.149,54.353,54.585,54.84,55.127,55.427,55.758,56.111,56.491,56.9,57.318,57.737
E09000022,Lambeth,Internal migration in,males,8,59.22,60.259,58.534,56.806,56.261,55.194,53.058,53.801,51.932,51.894,52.327,52.366,52.392,52.615,52.737,52.93,53.15,53.393,53.666,53.954,54.272,54.612,54.978,55.371,55.775
E09000022,Lambeth,Internal migration in,males,9,55.824,56.103,56.913,54.799,53.075,52.603,51.637,49.651,50.442,48.703,48.672,49.077,49.116,49.147,49.354,49.466,49.645,49.852,50.078,50.332,50.599,50.895,51.211,51.551,51.916
E09000022,Lambeth,Internal migration in,males,10,52.503,51.842,51.895,52.228,50.142,48.601,48.137,47.256,45.416,46.048,44.505,44.472,44.831,44.874,44.918,45.122,45.232,45.403,45.597,45.81,46.047,46.295,46.569,46.862,47.177
E09000022,Lambeth,Internal migration in,males,11,54.988,53.612,52.73,52.437,52.633,50.597,49.08,48.645,47.75,45.981,46.585,44.999,44.968,45.33,45.376,45.414,45.614,45.726,45.897,46.091,46.303,46.541,46.79,47.066,47.36
E09000022,Lambeth,Internal migration in,males,12,52.168,50.996,49.639,48.55,48.186,48.44,46.544,45.236,44.872,44.071,42.429,43.042,41.603,41.58,41.914,41.956,41.992,42.172,42.271,42.425,42.601,42.793,43.008,43.234,43.483
E09000022,Lambeth,Internal migration in,males,13,46.05,46.284,45.186,43.728,42.661,42.356,42.565,40.977,39.831,39.513,38.78,37.387,37.914,36.62,36.604,36.895,36.937,36.971,37.125,37.212,37.347,37.5,37.667,37.853,38.05
E09000022,Lambeth,Internal migration in,males,14,58.036,58.678,58.519,57.18,55.228,53.763,53.449,53.507,51.806,50.348,49.926,48.877,47.464,47.955,46.306,46.3,46.673,46.758,46.801,47.01,47.136,47.316,47.52,47.736,47.978
E09000022,Lambeth,Internal migration in,males,15,52.696,52.534,53.194,53.023,52.063,50.247,49.003,48.837,49.075,47.466,46.362,45.918,45.174,43.778,44.275,42.609,42.584,42.891,42.926,42.93,43.063,43.152,43.284,43.434,43.598
E09000022,Lambeth,Internal migration in,males,16,49.225,50.614,50.214,50.53,50.364,49.436,47.738,46.636,46.466,46.789,45.211,44.211,43.783,43.108,41.764,42.275,40.681,40.654,40.938,40.966,40.967,41.083,41.162,41.282,41.419
E09000022,Lambeth,Internal migration in,males,17,58.309,61.247,62.973,62.097,62.171,62.325,61.248,59.539,57.977,57.948,58.287,56.425,55.156,54.804,53.979,52.184,52.994,50.946,50.913,51.259,51.278,51.266,51.347,51.409,51.522
E09000022,Lambeth,Internal migration in,males,18,91.54,91.888,95.844,97.67,96.245,96.955,97.493,96.294,93.454,91.156,90.87,91.751,89.12,87.243,86.433,85.095,82.688,83.721,80.384,80.343,80.874,80.921,80.877,80.995,81.1
E09000022,Lambeth,Internal migration in,males,19,228.155,236.143,236.253,241.962,248.775,246.513,248.881,251.232,250.258,243.816,238.457,237.572,240.304,234.37,230.145,228.085,224.933,219,221.463,211.898,211.784,213.049,213.131,212.903,212.951
E09000022,Lambeth,Internal migration in,males,20,310.247,336.334,344.388,335.703,340.552,348.904,346.473,348.494,352.406,349.935,341.225,334.155,333.277,336.972,328.335,322.738,320.101,315.781,308.055,312.111,299.884,299.915,301.651,301.668,301.254
E09000022,Lambeth,Internal migration in,males,21,446.336,487.465,518.918,516.627,505.709,513.112,527.559,524.859,528.894,535.377,533.729,521.521,510.66,509.764,515.082,503.077,495.234,491.261,484.708,473.97,479.009,460.747,460.776,463.329,463.416
E09000022,Lambeth,Internal migration in,males,22,763.531,827.654,894.952,928.133,920.926,906.82,921.301,950.629,946.515,954.485,967.109,966.121,944.775,925.412,923.676,933.528,912.097,897.938,890.997,879.074,859.943,868.019,834.731,834.612,838.839
E09000022,Lambeth,Internal migration in,males,23,1074.732,1106.807,1174.256,1229.793,1262.459,1253.753,1239.482,1261.504,1303.719,1297.448,1309.334,1327.445,1326.832,1299.522,1272.494,1270.005,1284.173,1255.049,1235.625,1226.626,1210.159,1184.354,1195.326,1148.899,1148.699
E09000022,Lambeth,Internal migration in,males,24,1200.111,1219.883,1243.316,1268.585,1309.431,1339.823,1332.602,1320.177,1344.034,1388.355,1381.947,1394.482,1412.699,1411.586,1382.95,1354.601,1352.502,1366.985,1337.156,1316.568,1307.362,1290.371,1263.448,1275.144,1226.712
E09000022,Lambeth,Internal migration in,males,25,1007.22,1067.901,1079.663,1074.532,1087.898,1119.576,1148.71,1146.439,1135.791,1156.15,1192.468,1187.289,1197.427,1211.819,1211.023,1186.011,1162.271,1160.685,1172.414,1147.388,1129.889,1121.878,1107.767,1085.003,1095.153
E09000022,Lambeth,Internal migration in,males,26,998.798,1025.11,1068.228,1056.076,1045.105,1057.226,1090.344,1122.053,1121.187,1110.692,1130.292,1165.46,1160.59,1170.298,1184.26,1183.544,1159.298,1136.346,1134.732,1146.067,1121.855,1104.8,1097.066,1083.442,1061.274
E09000022,Lambeth,Internal migration in,males,27,989.304,1045.59,1060.267,1078.773,1061.612,1050.675,1064.959,1100.238,1132.656,1131.821,1121.369,1140.782,1175.961,1171.093,1180.722,1194.681,1194.036,1169.922,1147.086,1145.445,1156.772,1132.704,1115.647,1107.944,1094.433
E09000022,Lambeth,Internal migration in,males,28,1008.452,1059.538,1105.679,1097.683,1110.583,1093.807,1085.007,1101.655,1138.028,1171.01,1170.125,1159.492,1179.095,1214.867,1209.998,1219.666,1233.832,1233.26,1208.775,1185.605,1183.883,1195.391,1171.024,1153.594,1145.785
E09000022,Lambeth,Internal migration in,males,29,1015.705,1055.672,1095.362,1119.497,1107.379,1119.806,1105.211,1098.558,1115.397,1151.258,1183.968,1183.116,1172.582,1191.996,1227.677,1222.866,1232.43,1246.618,1246.101,1221.787,1198.76,1197.058,1208.515,1184.315,1166.945
E09000022,Lambeth,Internal migration in,males,30,607.929,655.141,676.033,689.57,700.952,692.155,701.321,695.045,692.061,702.632,724.953,745.758,744.816,737.773,749.6,771.04,768.072,773.687,782.032,781.516,766.474,752.465,751.301,758.263,743.44
E09000022,Lambeth,Internal migration in,males,31,607.676,623.868,663.216,670.097,679.763,691.003,684.053,694.03,688.29,685.227,695.353,716.919,737.084,736.239,729.444,740.936,761.861,758.98,764.43,772.605,772.147,757.528,743.899,742.777,749.557
E09000022,Lambeth,Internal migration in,males,32,597.253,615.467,624.568,649.417,652.487,661.634,673.901,668.719,678.583,673.052,669.947,679.485,700.086,719.439,718.665,712.155,723.147,743.284,740.524,745.753,753.65,753.23,739.217,726.141,725.067
E09000022,Lambeth,Internal migration in,males,33,560.745,588.555,600.414,597.283,617.5,619.709,629.103,642.07,637.882,646.996,641.682,638.512,647.36,666.575,684.687,684.035,677.958,688.248,707.215,704.614,709.531,717.006,716.621,703.496,691.235
E09000022,Lambeth,Internal migration in,males,34,529.381,554.681,575.652,576.899,571.265,589.944,592.838,602.586,615.364,611.614,620.098,614.925,611.794,620.055,638.163,655.248,654.696,649.014,658.742,676.748,674.281,678.943,686.066,685.73,673.341
E09000022,Lambeth,Internal migration in,males,35,363.74,382.844,397.685,405.156,404.625,400.478,414.579,417.158,424.581,433.507,430.814,436.702,433.277,431.072,436.849,449.268,461.254,460.882,456.825,463.534,475.942,474.239,477.412,482.313,482.057
E09000022,Lambeth,Internal migration in,males,36,330.146,349.512,363.472,370.976,376.118,375.59,372.229,385.59,388.028,394.726,403.029,400.637,405.99,402.76,400.676,405.915,417.284,428.276,427.966,424.276,430.435,441.878,440.301,443.23,447.765
E09000022,Lambeth,Internal migration in,males,37,310.605,316.784,331.822,338.957,344.555,348.946,348.997,346.382,358.645,360.677,366.732,374.453,372.318,377.2,374.158,372.175,376.934,387.349,397.426,397.18,393.813,399.471,410.018,408.555,411.262
E09000022,Lambeth,Internal migration in,males,38,282.454,290.295,293.833,302.976,307.935,312.904,317.068,317.66,315.444,326.227,327.88,333.188,340.185,338.362,342.712,339.892,338.046,342.284,351.629,360.665,360.484,357.489,362.58,372.118,370.799
E09000022,Lambeth,Internal migration in,males,39,256.476,266.624,271.633,271.331,278.656,282.814,287.659,291.798,292.507,290.427,300.041,301.435,306.194,312.644,311.031,314.97,312.343,310.626,314.465,322.963,331.204,331.071,328.364,333.012,341.756
E09000022,Lambeth,Internal migration in,males,40,211.325,214.887,221.524,222.86,221.848,227.983,231.899,236.301,239.658,240.321,238.617,246.484,247.658,251.577,256.864,255.558,258.879,256.715,255.265,258.405,265.329,272.068,271.982,269.771,273.554
E09000022,Lambeth,Internal migration in,males,41,195.433,193.917,195.83,199.625,200.32,199.539,205.267,208.846,212.866,215.81,216.391,214.833,221.737,222.676,226.122,230.873,229.736,232.687,230.719,229.386,232.17,238.338,244.353,244.296,242.343
E09000022,Lambeth,Internal migration in,males,42,182.828,184.1,181.872,181.687,184.812,185.449,184.994,190.457,193.75,197.42,200.044,200.592,199.159,205.403,206.212,209.341,213.749,212.726,215.425,213.587,212.353,214.904,220.565,226.093,226.053
E09000022,Lambeth,Internal migration in,males,43,170.422,171.198,171.305,167.834,167.196,170.124,170.82,170.751,175.789,178.662,181.957,184.344,184.852,183.498,189.118,189.791,192.598,196.653,195.756,198.211,196.494,195.349,197.668,202.838,207.902
E09000022,Lambeth,Internal migration in,males,44,157.253,162.81,162.653,161.29,157.85,157.311,160.268,161.098,161.162,165.834,168.42,171.486,173.665,174.153,172.852,178.058,178.63,181.221,185.05,184.224,186.519,184.883,183.798,185.958,190.795
E09000022,Lambeth,Internal migration in,males,45,133.986,139.935,144.221,142.896,141.436,138.294,137.832,140.552,141.393,141.438,145.464,147.676,150.309,152.241,152.615,151.512,156.016,156.505,158.777,162.113,161.39,163.34,161.912,160.981,162.862
E09000022,Lambeth,Internal migration in,males,46,124.576,127.491,132.624,135.722,134.212,132.806,130.066,129.748,132.377,133.132,133.23,136.998,139.008,141.441,143.257,143.604,142.559,146.722,147.156,149.258,152.395,151.73,153.547,152.194,151.314
E09000022,Lambeth,Internal migration in,males,47,119.311,117.058,119.385,123.517,126.2,124.845,123.635,121.341,121.119,123.631,124.327,124.471,127.996,129.811,132.058,133.71,134.033,133.045,136.874,137.225,139.146,142.081,141.485,143.168,141.886
E09000022,Lambeth,Internal migration in,males,48,115.596,114.735,112.361,113.742,117.534,120.133,118.949,117.863,115.809,115.564,117.957,118.602,118.788,122.101,123.781,125.899,127.475,127.787,126.826,130.442,130.76,132.564,135.362,134.813,136.413
E09000022,Lambeth,Internal migration in,males,49,104.096,106.147,105.031,102.351,103.511,107.126,109.597,108.557,107.615,105.833,105.65,107.943,108.516,108.77,111.778,113.245,115.165,116.569,116.857,115.981,119.213,119.471,121.081,123.642,123.157
E09000022,Lambeth,Internal migration in,males,50,101.974,99.572,101.16,99.84,97.026,98.308,101.696,103.87,103.062,102.244,100.595,100.368,102.449,102.983,103.155,106.093,107.467,109.327,110.563,110.898,110.102,113.217,113.465,115.055,117.468
E09000022,Lambeth,Internal migration in,males,51,96.781,96.644,94.109,95.099,93.687,91.139,92.363,95.645,97.769,96.982,96.204,94.689,94.502,96.499,96.989,97.187,99.952,101.219,102.959,104.124,104.44,103.694,106.595,106.819,108.303
E09000022,Lambeth,Internal migration in,males,52,90.661,90.63,90.122,87.521,88.283,86.993,84.792,85.961,89.141,91.142,90.411,89.673,88.347,88.159,90.049,90.49,90.725,93.283,94.42,96.03,97.111,97.402,96.698,99.368,99.559
E09000022,Lambeth,Internal migration in,males,53,86.851,86.091,85.853,84.959,82.46,83.103,81.956,79.987,81.089,84.12,86.081,85.378,84.671,83.452,83.275,85.085,85.498,85.759,88.17,89.214,90.721,91.748,92.026,91.351,93.852
E09000022,Lambeth,Internal migration in,males,54,84.555,83.166,82.431,81.717,80.69,78.402,78.981,77.884,76.09,77.173,80.119,81.976,81.305,80.643,79.533,79.385,81.152,81.542,81.812,84.101,85.085,86.512,87.473,87.742,87.108
E09000022,Lambeth,Internal migration in,males,55,74.664,75.466,74.204,73.253,72.626,71.655,69.686,70.363,69.468,67.868,68.769,71.484,73.193,72.573,71.977,70.971,70.851,72.434,72.757,73.014,74.983,75.889,77.117,78.027,78.249
E09000022,Lambeth,Internal migration in,males,56,73.797,72.622,73.209,71.756,70.884,70.181,69.25,67.387,68.033,67.159,65.656,66.535,69.191,70.853,70.257,69.665,68.735,68.628,70.182,70.486,70.754,72.669,73.532,74.719,75.602
E09000022,Lambeth,Internal migration in,males,57,69.902,70.772,69.635,69.947,68.539,67.763,67.235,66.251,64.568,65.206,64.363,63.046,63.817,66.38,67.991,67.406,66.824,65.958,65.835,67.329,67.596,67.879,69.692,70.508,71.636
E09000022,Lambeth,Internal migration in,males,58,65.066,65.779,66.424,65.19,65.442,64.129,63.501,62.953,62.051,60.442,61.023,60.241,58.984,59.761,62.178,63.715,63.156,62.648,61.845,61.742,63.177,63.44,63.716,65.434,66.186
E09000022,Lambeth,Internal migration in,males,59,63.109,63.713,64.221,64.68,63.444,63.665,62.389,61.854,61.291,60.386,58.855,59.373,58.619,57.401,58.187,60.577,62.078,61.548,61.057,60.29,60.203,61.619,61.888,62.165,63.85
E09000022,Lambeth,Internal migration in,males,60,54.603,56.366,56.71,57.301,57.721,56.404,56.714,55.552,54.994,54.529,53.804,52.412,52.824,52.152,51.057,51.724,53.732,55.054,54.543,54.074,53.393,53.262,54.503,54.774,54.967
E09000022,Lambeth,Internal migration in,males,61,50.562,52.024,53.546,53.836,54.264,54.689,53.405,53.675,52.606,52.095,51.576,50.918,49.588,49.962,49.367,48.283,48.953,50.889,52.135,51.669,51.251,50.611,50.504,51.683,51.966
E09000022,Lambeth,Internal migration in,males,62,47.122,48.024,49.33,50.735,50.953,51.336,51.757,50.654,50.898,49.888,49.45,48.964,48.288,47.101,47.459,46.851,45.914,46.524,48.377,49.566,49.126,48.71,48.13,48.029,49.165
E09000022,Lambeth,Internal migration in,males,63,41.304,42.708,43.445,44.506,45.8,45.967,46.314,46.664,45.741,45.949,45.04,44.69,44.244,43.594,42.523,42.861,42.316,41.485,42.051,43.747,44.86,44.459,44.087,43.583,43.498
E09000022,Lambeth,Internal migration in,males,64,38.197,40.408,41.799,42.404,43.454,44.685,44.86,45.28,45.562,44.665,44.863,43.983,43.704,43.277,42.596,41.575,41.905,41.344,40.58,41.135,42.82,43.91,43.514,43.154,42.661
E09000022,Lambeth,Internal migration in,males,65,27.478,28.591,30.204,31.093,31.502,32.308,33.29,33.345,33.707,33.876,33.238,33.378,32.82,32.418,32.176,31.782,30.901,31.232,30.873,30.172,30.577,31.773,32.603,32.283,32.068
E09000022,Lambeth,Internal migration in,males,66,24.191,25.278,26.198,27.556,28.365,28.759,29.521,30.382,30.484,30.764,30.897,30.35,30.435,29.922,29.666,29.428,28.974,28.246,28.526,28.188,27.605,27.982,29.108,29.873,29.58
E09000022,Lambeth,Internal migration in,males,67,21.51,22.245,23.231,24.046,25.302,25.998,26.424,27.138,27.938,28.042,28.295,28.448,27.912,28.025,27.583,27.327,27.098,26.724,26.019,26.262,25.943,25.427,25.757,26.791,27.513
E09000022,Lambeth,Internal migration in,males,68,18.011,18.95,19.608,20.469,21.146,22.225,22.833,23.21,23.855,24.532,24.645,24.822,24.969,24.521,24.607,24.192,24.028,23.789,23.447,22.864,23.068,22.811,22.329,22.662,23.598
E09000022,Lambeth,Internal migration in,males,69,16.574,16.854,17.719,18.312,19.114,19.751,20.805,21.383,21.755,22.334,23.003,23.083,23.293,23.405,22.984,23.086,22.705,22.523,22.304,22.005,21.429,21.635,21.379,20.933,21.245
E09000022,Lambeth,Internal migration in,males,70,12.388,12.892,13.131,13.776,14.281,14.92,15.417,16.235,16.686,17.074,17.506,17.974,18.105,18.312,18.416,18.071,18.162,17.892,17.782,17.549,17.385,16.929,17.062,16.882,16.534
E09000022,Lambeth,Internal migration in,males,71,11.65,11.997,12.48,12.72,13.314,13.841,14.451,14.951,15.782,16.24,16.594,16.995,17.495,17.599,17.792,17.898,17.577,17.676,17.406,17.265,17.044,16.901,16.446,16.599,16.424
E09000022,Lambeth,Internal migration in,males,72,10.354,10.2,10.493,10.884,11.076,11.6,12.043,12.593,13.006,13.717,14.115,14.426,14.792,15.202,15.317,15.484,15.576,15.298,15.382,15.145,15.06,14.866,14.72,14.342,14.468
E09000022,Lambeth,Internal migration in,males,73,10.123,10.026,9.883,10.151,10.524,10.712,11.221,11.669,12.193,12.601,13.307,13.699,13.993,14.351,14.754,14.854,15.045,15.127,14.862,14.948,14.726,14.632,14.449,14.33,13.943
E09000022,Lambeth,Internal migration in,males,74,9.688,9.606,9.536,9.384,9.639,9.955,10.145,10.64,11.056,11.56,11.929,12.578,12.981,13.238,13.583,13.987,14.073,14.245,14.324,14.1,14.182,13.969,13.908,13.743,13.607
E09000022,Lambeth,Internal migration in,males,75,9.233,8.656,8.537,8.452,8.323,8.529,8.783,8.91,9.345,9.725,10.116,10.451,11,11.405,11.603,11.878,12.231,12.304,12.406,12.513,12.318,12.368,12.146,12.106,11.99
E09000022,Lambeth,Internal migration in,males,76,10.269,9.239,8.639,8.546,8.45,8.325,8.53,8.813,8.953,9.405,9.801,10.207,10.562,11.138,11.538,11.758,12.037,12.402,12.469,12.588,12.704,12.487,12.554,12.338,12.28
E09000022,Lambeth,Internal migration in,males,77,6.994,9.011,8.124,7.558,7.479,7.403,7.275,7.468,7.735,7.848,8.228,8.572,8.943,9.228,9.713,10.057,10.268,10.508,10.808,10.898,10.958,11.073,10.891,10.937,10.738
E09000022,Lambeth,Internal migration in,males,78,6.069,6.293,8.104,7.281,6.848,6.714,6.656,6.549,6.726,6.919,7.027,7.381,7.678,8.001,8.27,8.702,9.033,9.201,9.429,9.717,9.784,9.876,9.961,9.819,9.873
E09000022,Lambeth,Internal migration in,males,79,6.075,6.154,6.386,8.237,7.382,6.952,6.818,6.759,6.664,6.84,7.036,7.152,7.512,7.827,8.157,8.43,8.881,9.237,9.389,9.627,9.927,9.992,10.089,10.185,10.042
E09000022,Lambeth,Internal migration in,males,80,4.662,4.737,4.771,4.984,6.477,5.781,5.427,5.393,5.341,5.279,5.413,5.621,5.744,6.061,6.307,6.596,6.845,7.19,7.467,7.607,7.815,8.046,8.119,8.207,8.282
E09000022,Lambeth,Internal migration in,males,81,3.963,4.353,4.428,4.466,4.664,6.056,5.393,5.111,5.03,4.997,4.933,5.063,5.219,5.341,5.642,5.86,6.124,6.362,6.675,6.962,7.062,7.27,7.492,7.552,7.656
E09000022,Lambeth,Internal migration in,males,82,3.89,4.074,4.465,4.521,4.578,4.804,6.297,5.564,5.23,5.2,5.15,5.089,5.226,5.444,5.574,5.888,6.157,6.443,6.701,7.07,7.351,7.491,7.7,7.94,8.011
E09000022,Lambeth,Internal migration in,males,83,3.822,3.611,3.797,4.175,4.233,4.288,4.505,5.895,5.219,4.925,4.888,4.846,4.798,4.929,5.12,5.244,5.542,5.785,6.062,6.302,6.638,6.909,7.043,7.241,7.482
E09000022,Lambeth,Internal migration in,males,84,4.011,4.025,3.796,4.002,4.402,4.456,4.514,4.758,6.257,5.53,5.174,5.17,5.119,5.067,5.216,5.454,5.587,5.907,6.188,6.495,6.756,7.14,7.422,7.589,7.8
E09000022,Lambeth,Internal migration in,males,85,3.883,3.762,3.733,3.508,3.778,4.194,4.34,4.389,4.534,6.004,5.326,5.052,4.944,4.904,4.835,4.993,5.127,5.189,5.484,5.706,5.992,6.206,6.523,6.788,6.95
E09000022,Lambeth,Internal migration in,males,86,3.268,3.463,3.384,3.363,3.139,3.402,3.794,3.949,3.975,4.104,5.441,4.845,4.588,4.472,4.45,4.388,4.531,4.654,4.713,4.984,5.18,5.451,5.637,5.933,6.162
E09000022,Lambeth,Internal migration in,males,87,3.145,3.305,3.519,3.429,3.397,3.193,3.459,3.866,4.003,4.044,4.196,5.579,4.938,4.666,4.601,4.564,4.511,4.67,4.819,4.892,5.181,5.4,5.689,5.904,6.211
E09000022,Lambeth,Internal migration in,males,88,3.057,3.095,3.281,3.477,3.368,3.362,3.157,3.43,3.85,4.003,4.046,4.2,5.602,4.924,4.707,4.599,4.577,4.525,4.689,4.808,4.877,5.179,5.397,5.686,5.904
E09000022,Lambeth,Internal migration in,males,89,2.621,2.698,2.74,2.886,3.07,2.988,2.961,2.781,3.043,3.424,3.569,3.591,3.741,4.989,4.407,4.19,4.109,4.097,4.041,4.196,4.324,4.389,4.669,4.862,5.135
E09000022,Lambeth,Internal migration in,males,90 and over,11.111,11.345,11.662,12.001,12.467,13.05,13.446,13.763,13.828,14.16,14.835,15.568,16.24,16.973,18.954,19.968,20.559,20.941,21.196,21.341,21.599,21.947,22.321,22.929,23.689
E09000022,Lambeth,Internal migration in,males,All ages,17600.217,18254.092,18786.523,18984.015,19085.733,19173.598,19284.192,19447.929,19633.914,19803.248,19952.049,20082.303,20195.358,20285.817,20347.356,20385.269,20412.133,20412.378,20387.481,20343.465,20288.132,20230.445,20158.663,20071.434,19989.893
E09000023,Lewisham,Internal migration in,males,0,64.289,65.246,66.23,66.241,66.35,66.657,66.82,67.122,67.476,67.861,68.26,68.671,69.12,69.599,70.11,70.655,71.213,71.771,72.318,72.847,73.312,73.689,73.998,74.239,74.426
E09000023,Lewisham,Internal migration in,males,1,164.039,160.59,162.619,164.243,164.121,164.356,165.095,165.504,166.232,167.075,167.996,168.956,169.949,171.04,172.204,173.448,174.776,176.138,177.501,178.838,180.126,181.259,182.176,182.926,183.506
E09000023,Lewisham,Internal migration in,males,2,147.062,155.924,151.823,151.873,153.003,152.866,153.034,153.689,154.059,154.688,155.417,156.215,157.061,157.947,158.922,159.964,161.08,162.273,163.498,164.723,165.923,167.077,168.088,168.9,169.561
E09000023,Lewisham,Internal migration in,males,3,129.829,125.081,131.469,126.309,126.015,126.909,126.857,127.058,127.57,127.861,128.354,128.926,129.556,130.228,130.939,131.724,132.565,133.466,134.432,135.424,136.415,137.384,138.315,139.127,139.777
E09000023,Lewisham,Internal migration in,males,4,116.523,117.998,113.234,117.506,112.526,112.265,113.14,113.192,113.387,113.805,114.052,114.473,114.961,115.5,116.078,116.695,117.378,118.112,118.898,119.742,120.609,121.476,122.323,123.135,123.842
E09000023,Lewisham,Internal migration in,males,5,80.82,81.142,81.715,77.348,80.069,76.686,76.557,77.194,77.236,77.389,77.66,77.819,78.094,78.416,78.775,79.158,79.57,80.028,80.521,81.05,81.617,82.203,82.786,83.356,83.901
E09000023,Lewisham,Internal migration in,males,6,67.884,66.922,66.793,66.614,62.992,65.096,62.375,62.329,62.855,62.88,62.988,63.192,63.314,63.529,63.779,64.06,64.361,64.688,65.053,65.446,65.869,66.323,66.792,67.259,67.715
E09000023,Lewisham,Internal migration in,males,7,66.548,64.445,63.257,62.644,62.222,58.92,60.902,58.427,58.409,58.897,58.925,59.019,59.199,59.31,59.506,59.735,59.992,60.269,60.57,60.906,61.269,61.659,62.08,62.513,62.944
E09000023,Lewisham,Internal migration in,males,8,62.706,63.685,61.551,59.94,59.218,58.819,55.851,57.723,55.365,55.346,55.8,55.821,55.896,56.054,56.155,56.334,56.543,56.778,57.034,57.315,57.628,57.966,58.33,58.723,59.128
E09000023,Lewisham,Internal migration in,males,9,59.971,60.184,60.986,58.49,56.867,56.217,55.85,53.057,54.865,52.655,52.64,53.067,53.088,53.162,53.312,53.406,53.575,53.772,53.994,54.235,54.499,54.794,55.112,55.456,55.826
E09000023,Lewisham,Internal migration in,males,10,59.196,58.808,58.785,59.073,56.454,54.961,54.293,54.028,51.303,52.984,50.939,50.915,51.333,51.362,51.453,51.62,51.721,51.894,52.095,52.318,52.559,52.82,53.112,53.425,53.763
E09000023,Lewisham,Internal migration in,males,11,60.684,59.759,59.162,58.744,58.983,56.458,55.009,54.388,54.078,51.477,53.101,51.029,51.002,51.415,51.444,51.524,51.68,51.779,51.948,52.143,52.361,52.598,52.856,53.144,53.455
E09000023,Lewisham,Internal migration in,males,12,58.424,57.123,56.102,55.212,54.751,55.031,52.72,51.42,50.884,50.597,48.166,49.672,47.794,47.775,48.161,48.191,48.267,48.418,48.509,48.666,48.848,49.05,49.27,49.509,49.776
E09000023,Lewisham,Internal migration in,males,13,51.714,52.41,51.098,49.922,49.011,48.591,48.851,46.812,45.688,45.214,44.91,42.796,44.088,42.408,42.388,42.725,42.753,42.82,42.947,43.028,43.166,43.325,43.502,43.694,43.905
E09000023,Lewisham,Internal migration in,males,14,56.491,56.561,57.229,55.506,54.155,53.163,52.728,53.096,50.975,49.796,49.311,48.902,46.741,48.043,46.257,46.236,46.6,46.635,46.704,46.845,46.933,47.081,47.252,47.442,47.649
E09000023,Lewisham,Internal migration in,males,15,54.214,54.336,54.366,54.588,53.246,51.866,50.91,50.503,50.93,48.829,47.751,47.304,46.969,44.895,46.229,44.361,44.344,44.679,44.709,44.753,44.855,44.931,45.06,45.211,45.377
E09000023,Lewisham,Internal migration in,males,16,50.661,52.134,52.075,51.755,51.88,50.651,49.36,48.449,48.097,48.495,46.504,45.502,45.095,44.763,42.832,44.07,42.304,42.288,42.602,42.628,42.665,42.759,42.828,42.948,43.087
E09000023,Lewisham,Internal migration in,males,17,58.262,61.377,62.868,62.439,62.223,62.295,60.986,59.574,58.349,57.969,58.289,56.26,54.991,54.298,54.063,51.771,53.09,50.899,50.873,51.237,51.243,51.25,51.334,51.403,51.528
E09000023,Lewisham,Internal migration in,males,18,76.737,76.55,79.796,81.808,80.774,80.854,81.597,80.226,78.058,76.638,76.436,77.213,74.761,73.203,72.477,71.823,69.247,70.653,67.732,67.663,68.081,68.077,68.059,68.12,68.185
E09000023,Lewisham,Internal migration in,males,19,172.884,178.964,179.128,183.484,188.306,187.086,188.189,190.043,189.046,184.781,180.55,180.296,182.126,177.251,174.308,172.204,170.475,165.503,167.641,160.525,160.354,161.224,161.19,161,160.97
E09000023,Lewisham,Internal migration in,males,20,283.322,303.208,311.61,304.964,310.174,318.672,316.213,318.073,321.263,320.086,312.109,305.961,305.403,308.389,300.159,295.619,292.697,289.928,281.821,286.371,274.547,274.569,276.172,276.164,275.83
E09000023,Lewisham,Internal migration in,males,21,329.65,358.205,384.827,384.512,375.777,381.268,392.126,389.478,391.89,395.959,394.963,385.504,377.986,377.741,381.124,371.98,366.225,363.018,359.204,350.305,355.273,341.194,341.207,343.109,343.085
E09000023,Lewisham,Internal migration in,males,22,440.34,471.371,504.615,528.191,525.574,516.16,524.208,540.705,537.822,541.641,548.149,547.61,535.058,524.598,524,528.966,516.661,508.833,504.765,499.101,487.27,493.157,474.024,474.014,476.515
E09000023,Lewisham,Internal migration in,males,23,464.717,480.531,505.196,525.51,543.112,539.889,532.208,541.588,559.156,556.316,560.755,567.634,567.189,554.703,543.94,543.214,548.537,536.185,528.007,523.832,517.85,506.146,511.672,492.051,492.014
E09000023,Lewisham,Internal migration in,males,24,445.376,457.241,466.143,474.129,487.734,500.776,498.685,493.017,501.989,517.782,515.255,519.186,525.574,525.403,514.255,504.171,503.575,508.649,497.575,490.016,486.515,480.866,470.333,475.54,457.627
E09000023,Lewisham,Internal migration in,males,25,464.723,492.371,499.835,496.323,502.455,515.878,529.856,529.113,523.056,532.31,548.416,545.884,549.954,556.302,555.681,544.102,533.574,532.902,538.113,526.593,518.578,514.979,509.039,498.126,503.586
E09000023,Lewisham,Internal migration in,males,26,466.948,481.851,501.385,496.607,490.209,495.936,510.474,525.746,525.571,519.678,528.668,544.54,542.144,546.137,552.419,551.857,540.487,530.128,529.417,534.572,523.274,515.363,511.844,505.946,495.247
E09000023,Lewisham,Internal migration in,males,27,471.277,499.138,508.08,515.762,508.317,501.997,508.939,524.949,540.747,540.552,534.685,543.765,559.963,557.543,561.63,568.04,567.525,556.027,545.495,544.742,550.011,538.585,530.529,526.949,520.946
E09000023,Lewisham,Internal migration in,males,28,479.453,508.637,531.719,529.311,534.407,527.021,521.717,529.773,546.504,562.583,562.338,556.426,565.641,582.262,579.832,584.015,590.577,590.115,578.383,567.598,566.8,572.208,560.573,552.295,548.644
E09000023,Lewisham,Internal migration in,males,29,486.731,506.484,529.446,541.482,536.619,541.696,535.277,531.11,539.242,555.886,571.919,571.668,565.85,575.03,591.697,589.319,593.528,600.141,599.731,588.021,577.23,576.435,581.863,570.279,561.993
E09000023,Lewisham,Internal migration in,males,30,471.13,510.218,525.824,539.419,548.467,542.823,549.358,544.739,541.225,549.897,566.781,582.943,582.485,576.51,585.617,602.043,599.691,603.797,610.216,609.721,598.058,587.279,586.4,591.804,580.197
E09000023,Lewisham,Internal migration in,males,31,473.264,483.999,516.47,521.214,531.434,540.303,535.834,543.082,538.928,535.502,543.683,560.019,575.729,575.317,569.571,578.408,594.435,592.158,596.17,602.45,602.004,590.673,580.192,579.335,584.603
E09000023,Lewisham,Internal migration in,males,32,462.378,479.283,485.105,505.944,507.911,517.165,526.747,523.399,530.676,526.678,523.37,531.056,546.696,561.796,561.4,555.936,564.401,579.84,577.667,581.542,587.61,587.215,576.344,566.278,565.458
E09000023,Lewisham,Internal migration in,males,33,444.211,461.33,472.974,469.537,486.709,488.26,497.485,507.593,504.803,511.682,507.822,504.633,511.806,526.615,540.945,540.606,535.47,543.502,558.225,556.162,559.87,565.677,565.319,555.005,545.442
E09000023,Lewisham,Internal migration in,males,34,414.226,436.38,448.909,451.841,446.792,462.309,464.335,473.437,483.326,480.78,487.21,483.463,480.415,487.02,500.888,514.321,514.043,509.283,516.824,530.711,528.769,532.275,537.772,537.462,527.785
E09000023,Lewisham,Internal migration in,males,35,346.501,363.008,379.078,383.142,384.022,379.774,393.677,396.032,404.043,412.318,410.192,415.601,412.543,410.044,415.685,427.335,438.665,438.409,434.369,440.671,452.341,450.723,453.662,458.251,457.983
E09000023,Lewisham,Internal migration in,males,36,310.797,332.846,345.001,353.84,356.413,357.077,353.626,366.676,368.949,376.126,383.804,381.874,386.819,383.95,381.616,386.71,397.392,407.816,407.607,403.929,409.725,420.496,419.001,421.717,425.969
E09000023,Lewisham,Internal migration in,males,37,293.625,298.441,315.924,321.895,328.63,330.962,332.003,329.331,341.197,343.144,349.606,356.725,354.976,359.513,356.809,354.629,359.241,369.032,378.605,378.45,375.092,380.423,390.352,388.967,391.478
E09000023,Lewisham,Internal migration in,males,38,267.231,274.976,277.543,288.781,293.011,298.825,301.259,302.603,300.402,310.833,312.423,318.042,324.538,323.029,327.086,324.582,322.593,326.707,335.497,344.105,343.996,341.006,345.813,354.808,353.559
E09000023,Lewisham,Internal migration in,males,39,240.405,248.961,253.948,253.197,262.16,265.739,271.158,273.703,275.023,273.062,282.198,283.51,288.431,294.342,293.021,296.65,294.344,292.532,296.195,304.081,311.822,311.752,309.089,313.417,321.548
E09000023,Lewisham,Internal migration in,males,40,193.901,197.773,203.553,205.132,203.94,211.44,214.453,218.998,221.056,222.273,220.737,227.791,228.825,232.814,237.597,236.556,239.494,237.636,236.174,239.058,245.33,251.524,251.485,249.356,252.836
E09000023,Lewisham,Internal migration in,males,41,177.929,178.657,180.949,184.201,185.134,184.197,191.031,193.868,197.964,199.896,200.921,199.515,205.74,206.596,210.116,214.423,213.49,216.117,214.42,213.085,215.65,221.261,226.82,226.8,224.912
E09000023,Lewisham,Internal migration in,males,42,167.671,168.548,168.206,168.535,171.209,172.05,171.425,177.827,180.481,184.196,185.988,186.902,185.608,191.279,192.009,195.207,199.222,198.372,200.791,199.198,197.965,200.327,205.5,210.631,210.624
E09000023,Lewisham,Internal migration in,males,43,155.568,155.499,155.364,153.617,153.565,156.087,156.917,156.706,162.458,164.765,168.035,169.646,170.48,169.273,174.306,174.91,177.734,181.394,180.657,182.836,181.361,180.232,182.355,187.026,191.675
E09000023,Lewisham,Internal migration in,males,44,143.589,149.441,148.684,147.269,145.398,145.391,147.964,148.857,148.817,154.145,156.227,159.275,160.76,161.553,160.403,165.072,165.586,168.211,171.679,171,173.051,171.641,170.569,172.557,176.951
E09000023,Lewisham,Internal migration in,males,45,119.817,125.471,129.874,128.372,126.699,125.582,125.557,127.966,128.541,128.565,133.131,134.893,137.451,138.679,139.388,138.396,142.323,142.727,144.991,147.943,147.42,149.137,147.953,147.008,148.712
E09000023,Lewisham,Internal migration in,males,46,110.06,113.218,118.132,121.358,119.822,118.29,117.277,117.386,119.724,120.261,120.354,124.532,126.148,128.491,129.64,130.278,129.36,132.958,133.308,135.369,138.139,137.658,139.247,138.13,137.247
E09000023,Lewisham,Internal migration in,males,47,107.649,105.842,108.541,112.542,115.404,113.991,112.663,111.807,111.955,114.22,114.725,114.857,118.822,120.327,122.532,123.617,124.223,123.346,126.743,127.038,128.984,131.625,131.185,132.693,131.623
E09000023,Lewisham,Internal migration in,males,48,103.51,102.038,100.164,102.1,105.694,108.408,107.189,106.034,105.326,105.452,107.608,108.078,108.249,111.932,113.287,115.345,116.37,116.937,116.101,119.25,119.499,121.303,123.788,123.385,124.797
E09000023,Lewisham,Internal migration in,males,49,92.887,95.502,93.947,91.774,93.327,96.747,99.297,98.259,97.248,96.536,96.696,98.748,99.151,99.382,102.686,103.901,105.748,106.685,107.188,106.422,109.264,109.472,111.076,113.366,113.01
E09000023,Lewisham,Internal migration in,males,50,91.06,89.064,91.199,89.559,87.163,88.685,92.064,94.49,93.492,92.632,91.688,91.84,93.748,94.1,94.348,97.451,98.596,100.299,101.138,101.644,100.899,103.628,103.814,105.353,107.546
E09000023,Lewisham,Internal migration in,males,51,86.933,86.772,84.684,86.271,84.604,82.398,83.9,87.147,89.484,88.536,87.73,86.873,87.017,88.848,89.182,89.446,92.378,93.444,95.051,95.86,96.338,95.634,98.197,98.366,99.816
E09000023,Lewisham,Internal migration in,males,52,82.894,81.944,81.455,79.265,80.588,79.042,77.133,78.57,81.689,83.882,83.013,82.265,81.488,81.624,83.367,83.67,83.959,86.679,87.649,89.136,89.899,90.343,89.678,92.054,92.2
E09000023,Lewisham,Internal migration in,males,53,78.873,77.847,76.778,75.992,73.912,75.036,73.696,71.992,73.296,76.263,78.36,77.556,76.843,76.123,76.253,77.91,78.2,78.508,81.021,81.918,83.289,84.019,84.424,83.797,85.997
E09000023,Lewisham,Internal migration in,males,54,76.82,75.874,74.866,73.542,72.623,70.699,71.785,70.501,68.947,70.222,73.058,75.056,74.285,73.619,72.953,73.075,74.68,74.951,75.258,77.651,78.496,79.808,80.507,80.894,80.3
E09000023,Lewisham,Internal migration in,males,55,66.445,67.063,66.148,64.856,63.605,63.012,61.168,62.146,61.011,59.575,60.648,63.058,64.712,64.095,63.517,62.952,63.028,64.394,64.728,64.921,67.026,67.768,68.964,69.601,69.93
E09000023,Lewisham,Internal migration in,males,56,65.981,64.985,65.451,64.352,63.14,61.89,61.295,59.531,60.468,59.377,58.005,59.066,61.435,63.042,62.448,61.876,61.342,61.417,62.772,63.08,63.287,65.331,66.051,67.203,67.821
E09000023,Lewisham,Internal migration in,males,57,60.761,61.324,60.381,60.602,59.545,58.558,57.464,56.828,55.325,56.173,55.166,53.985,54.958,57.196,58.7,58.155,57.624,57.149,57.225,58.494,58.765,58.997,60.881,61.536,62.602
E09000023,Lewisham,Internal migration in,males,58,57.492,58.257,58.645,57.622,57.788,56.789,55.882,54.834,54.212,52.751,53.575,52.601,51.5,52.419,54.555,56.022,55.481,54.976,54.546,54.612,55.844,56.111,56.333,58.139,58.755
E09000023,Lewisham,Internal migration in,males,59,54.601,55.502,56.091,56.349,55.297,55.458,54.476,53.706,52.727,52.135,50.748,51.466,50.575,49.488,50.413,52.501,53.88,53.394,52.934,52.487,52.563,53.768,54.029,54.251,55.979
E09000023,Lewisham,Internal migration in,males,60,46.122,47.385,48.089,48.559,48.556,47.658,47.846,47.089,46.322,45.483,44.904,43.58,44.308,43.486,42.569,43.251,45.053,46.329,45.804,45.424,45.04,45.096,46.131,46.339,46.532
E09000023,Lewisham,Internal migration in,males,61,42.198,43.344,44.468,44.993,45.392,45.439,44.555,44.745,44.031,43.331,42.526,42.051,40.777,41.425,40.689,39.8,40.467,42.181,43.369,42.902,42.552,42.194,42.247,43.238,43.446
E09000023,Lewisham,Internal migration in,males,62,39.602,40.569,41.648,42.606,43.13,43.497,43.568,42.782,42.967,42.292,41.674,40.904,40.387,39.242,39.882,39.152,38.37,39.006,40.652,41.805,41.352,41.021,40.693,40.747,41.707
E09000023,Lewisham,Internal migration in,males,63,35.215,35.907,36.753,37.65,38.514,38.964,39.275,39.332,38.67,38.817,38.2,37.704,36.994,36.503,35.47,36.014,35.378,34.668,35.251,36.765,37.822,37.422,37.126,36.838,36.887
E09000023,Lewisham,Internal migration in,males,64,31.772,33.904,34.566,35.259,36.129,36.981,37.409,37.739,37.733,37.115,37.219,36.629,36.227,35.555,35.022,34.067,34.603,33.967,33.343,33.901,35.397,36.403,36.016,35.736,35.459
E09000023,Lewisham,Internal migration in,males,65,23.695,24.414,26.07,26.517,26.973,27.609,28.29,28.523,28.926,29.09,28.462,28.633,28.163,27.893,27.433,27.16,26.508,26.871,26.449,25.922,26.477,27.603,28.33,28.085,27.91
E09000023,Lewisham,Internal migration in,males,66,20.977,22.078,22.644,24.115,24.558,24.909,25.553,26.134,26.401,26.766,26.881,26.309,26.466,26.012,25.837,25.427,25.064,24.522,24.867,24.444,24.018,24.548,25.6,26.275,26.047
E09000023,Lewisham,Internal migration in,males,67,18.57,19.165,20.146,20.661,21.996,22.381,22.772,23.361,23.904,24.151,24.476,24.613,24.12,24.27,23.887,23.712,23.311,23.019,22.501,22.809,22.428,22.049,22.501,23.47,24.118
E09000023,Lewisham,Internal migration in,males,68,16.559,17.139,17.65,18.536,18.989,20.217,20.583,20.903,21.452,21.918,22.16,22.462,22.595,22.106,22.267,21.881,21.761,21.403,21.119,20.664,20.956,20.601,20.253,20.722,21.617
E09000023,Lewisham,Internal migration in,males,69,14.551,15.015,15.535,16.029,16.83,17.23,18.323,18.676,19.02,19.484,19.981,20.159,20.422,20.533,20.102,20.233,19.895,19.79,19.462,19.231,18.803,19.041,18.743,18.397,18.818
E09000023,Lewisham,Internal migration in,males,70,10.595,11.141,11.556,11.914,12.309,12.938,13.341,14.147,14.406,14.746,15.118,15.49,15.737,15.821,15.912,15.64,15.713,15.484,15.339,15.014,14.88,14.479,14.68,14.454,14.168
E09000023,Lewisham,Internal migration in,males,71,9.65,9.936,10.483,10.833,11.184,11.585,12.175,12.582,13.343,13.584,13.932,14.271,14.633,14.854,14.907,15.018,14.769,14.838,14.625,14.486,14.168,14.07,13.679,13.855,13.662
E09000023,Lewisham,Internal migration in,males,72,9.292,9.071,9.35,9.803,10.151,10.461,10.809,11.371,11.723,12.434,12.688,12.977,13.312,13.631,13.863,13.939,14.017,13.776,13.847,13.636,13.535,13.249,13.115,12.767,12.949
E09000023,Lewisham,Internal migration in,males,73,8.582,8.505,8.331,8.561,8.988,9.276,9.593,9.919,10.435,10.772,11.436,11.66,11.935,12.232,12.512,12.714,12.8,12.893,12.656,12.737,12.543,12.455,12.187,12.1,11.772
E09000023,Lewisham,Internal migration in,males,74,7.985,7.939,7.887,7.709,7.921,8.29,8.574,8.857,9.164,9.646,9.927,10.519,10.747,10.994,11.278,11.57,11.751,11.814,11.887,11.696,11.757,11.582,11.521,11.282,11.172
E09000023,Lewisham,Internal migration in,males,75,8.86,8.281,8.325,8.312,8.212,8.414,8.741,9.136,9.484,9.778,10.317,10.62,11.297,11.503,11.741,12.103,12.436,12.603,12.654,12.752,12.647,12.717,12.601,12.478,12.27
E09000023,Lewisham,Internal migration in,males,76,9.91,8.859,8.216,8.267,8.228,8.092,8.318,8.706,9.073,9.419,9.734,10.259,10.598,11.293,11.496,11.758,12.086,12.422,12.588,12.659,12.769,12.605,12.686,12.564,12.439
E09000023,Lewisham,Internal migration in,males,77,7.043,9.202,8.106,7.552,7.6,7.582,7.524,7.677,7.967,8.306,8.668,8.914,9.429,9.714,10.355,10.53,10.733,11.088,11.351,11.523,11.579,11.693,11.578,11.69,11.558
E09000023,Lewisham,Internal migration in,males,78,6.269,6.513,8.478,7.524,7.064,7.064,7.056,6.951,7.145,7.426,7.769,8.071,8.324,8.795,9.046,9.626,9.821,10.03,10.351,10.641,10.806,10.861,10.932,10.853,10.918
E09000023,Lewisham,Internal migration in,males,79,5.93,5.919,6.145,8.029,7.067,6.609,6.608,6.603,6.545,6.696,6.941,7.228,7.549,7.777,8.22,8.469,9.011,9.194,9.37,9.674,9.934,10.079,10.137,10.239,10.155
E09000023,Lewisham,Internal migration in,males,80,4.552,4.782,4.665,4.886,6.428,5.628,5.25,5.128,5.1,4.949,5.109,5.291,5.45,5.673,5.829,6.14,6.326,6.743,6.902,7.004,7.191,7.344,7.459,7.559,7.643
E09000023,Lewisham,Internal migration in,males,81,3.765,4.111,4.322,4.214,4.427,5.806,5.096,4.77,4.647,4.631,4.501,4.644,4.795,4.943,5.144,5.289,5.568,5.727,6.093,6.244,6.332,6.509,6.663,6.759,6.845
E09000023,Lewisham,Internal migration in,males,82,3.699,4.045,4.417,4.627,4.535,4.771,6.294,5.494,5.123,5.03,5,4.854,5.014,5.216,5.381,5.604,5.783,6.098,6.289,6.703,6.87,6.983,7.176,7.34,7.458
E09000023,Lewisham,Internal migration in,males,83,3.576,3.252,3.577,3.917,4.114,4.035,4.245,5.605,4.912,4.567,4.487,4.458,4.35,4.492,4.662,4.803,5.013,5.179,5.456,5.628,5.99,6.147,6.261,6.433,6.596
E09000023,Lewisham,Internal migration in,males,84,3.674,3.691,3.373,3.697,4.05,4.238,4.17,4.401,5.823,5.089,4.736,4.672,4.639,4.53,4.691,4.887,5.049,5.267,5.454,5.757,5.947,6.348,6.515,6.643,6.83
E09000023,Lewisham,Internal migration in,males,85,3.847,3.814,3.835,3.497,3.864,4.291,4.468,4.407,4.653,6.21,5.412,5.03,4.96,4.91,4.812,4.964,5.162,5.318,5.539,5.729,6.066,6.245,6.641,6.842,7.014
E09000023,Lewisham,Internal migration in,males,86,3.637,3.751,3.722,3.761,3.399,3.819,4.255,4.418,4.351,4.618,6.167,5.356,5.016,4.893,4.86,4.754,4.887,5.075,5.219,5.438,5.633,5.974,6.113,6.488,6.704
E09000023,Lewisham,Internal migration in,males,87,3.439,3.5,3.635,3.619,3.641,3.334,3.696,4.123,4.299,4.252,4.495,6.056,5.242,4.878,4.834,4.784,4.689,4.862,5.076,5.243,5.474,5.678,6.026,6.22,6.629
E09000023,Lewisham,Internal migration in,males,88,2.992,3.103,3.158,3.267,3.256,3.264,2.992,3.34,3.734,3.929,3.882,4.109,5.522,4.79,4.458,4.392,4.364,4.275,4.435,4.606,4.752,4.972,5.145,5.458,5.634
E09000023,Lewisham,Internal migration in,males,89,2.56,2.715,2.815,2.879,2.962,2.959,2.96,2.723,3.066,3.427,3.628,3.578,3.795,5.11,4.424,4.14,4.051,4.032,3.948,4.091,4.24,4.37,4.577,4.735,5.033
E09000023,Lewisham,Internal migration in,males,90 and over,11.852,12.025,12.349,12.751,13.193,13.705,14.101,14.426,14.425,14.794,15.513,16.322,16.982,17.787,19.964,21.002,21.5,21.824,22.02,22.084,22.27,22.624,23.058,23.681,24.43
E09000023,Lewisham,Internal migration in,males,All ages,12230.653,12661.416,13001.347,13127.193,13195.209,13257.069,13337.385,13439.506,13543.735,13642.656,13734.752,13817.52,13891.92,13958.183,14016.014,14065.789,14103.852,14131.756,14151.75,14161.515,14158.264,14150.513,14134.911,14115.481,14095.584
E09000028,Southwark,Internal migration in,males,0,46.145,46.85,47.607,47.672,47.633,47.767,47.897,48.119,48.364,48.617,48.896,49.194,49.515,49.855,50.216,50.601,50.997,51.393,51.782,52.156,52.486,52.753,52.97,53.14,53.27
E09000028,Southwark,Internal migration in,males,1,115.258,112.867,114.365,115.623,115.668,115.55,115.866,116.181,116.7,117.271,117.86,118.513,119.215,119.974,120.779,121.639,122.555,123.498,124.443,125.369,126.258,127.039,127.669,128.181,128.575
E09000028,Southwark,Internal migration in,males,2,106.348,111.343,108.756,108.768,109.66,109.67,109.572,109.918,110.203,110.663,111.174,111.706,112.301,112.94,113.633,114.369,115.157,115.999,116.864,117.731,118.579,119.395,120.108,120.682,121.147
E09000028,Southwark,Internal migration in,males,3,90.96,89.773,93.161,89.626,89.387,90.071,90.114,90.121,90.392,90.616,90.974,91.373,91.793,92.262,92.77,93.324,93.915,94.548,95.225,95.922,96.62,97.302,97.957,98.528,98.985
E09000028,Southwark,Internal migration in,males,4,81.2,80.815,79.155,81.13,77.779,77.582,78.23,78.333,78.364,78.578,78.762,79.057,79.387,79.737,80.129,80.557,81.026,81.527,82.065,82.641,83.234,83.827,84.407,84.962,85.446
E09000028,Southwark,Internal migration in,males,5,62.798,63.017,62.439,60.122,61.43,58.83,58.684,59.196,59.278,59.343,59.498,59.647,59.878,60.135,60.41,60.71,61.04,61.402,61.787,62.2,62.64,63.096,63.551,63.996,64.421
E09000028,Southwark,Internal migration in,males,6,51.864,51.387,51.283,50.374,48.394,49.385,47.334,47.266,47.679,47.734,47.777,47.895,48.007,48.183,48.381,48.593,48.826,49.085,49.369,49.672,49.998,50.347,50.708,51.068,51.42
E09000028,Southwark,Internal migration in,males,7,51.471,49.122,48.448,47.963,46.988,45.192,46.161,44.293,44.257,44.644,44.696,44.731,44.835,44.937,45.098,45.278,45.472,45.686,45.924,46.186,46.466,46.766,47.088,47.421,47.753
E09000028,Southwark,Internal migration in,males,8,49.055,49.991,47.646,46.569,46.027,45.104,43.426,44.38,42.618,42.584,42.949,42.995,43.024,43.124,43.218,43.368,43.537,43.718,43.921,44.146,44.394,44.66,44.945,45.252,45.569
E09000028,Southwark,Internal migration in,males,9,46.628,46.909,47.672,45.129,44.016,43.523,42.686,41.116,42.042,40.39,40.359,40.701,40.742,40.772,40.867,40.954,41.094,41.252,41.424,41.614,41.825,42.058,42.308,42.577,42.865
E09000028,Southwark,Internal migration in,males,10,43.345,42.274,42.351,42.751,40.516,39.547,39.113,38.46,37.041,37.914,36.36,36.339,36.64,36.667,36.68,36.755,36.828,36.947,37.083,37.23,37.396,37.581,37.786,38.005,38.242
E09000028,Southwark,Internal migration in,males,11,44.913,44.174,42.982,42.79,43.139,40.924,39.96,39.567,38.904,37.495,38.368,36.803,36.784,37.087,37.116,37.129,37.203,37.277,37.396,37.533,37.68,37.847,38.033,38.239,38.46
E09000028,Southwark,Internal migration in,males,12,41.651,40.822,40.025,38.721,38.503,38.838,36.949,36.095,35.753,35.181,33.919,34.701,33.295,33.282,33.554,33.577,33.585,33.65,33.713,33.818,33.937,34.066,34.213,34.379,34.561
E09000028,Southwark,Internal migration in,males,13,37.595,37.933,37.135,36.254,35.046,34.83,35.084,33.374,32.663,32.335,31.81,30.693,31.385,30.101,30.086,30.326,30.349,30.357,30.413,30.471,30.565,30.672,30.788,30.92,31.068
E09000028,Southwark,Internal migration in,males,14,40.628,40.919,41.139,40.142,39.108,37.816,37.614,37.885,36.2,35.429,35.074,34.473,33.387,34.087,32.707,32.696,32.953,32.985,32.992,33.056,33.119,33.22,33.336,33.461,33.603
E09000028,Southwark,Internal migration in,males,15,43.378,42.843,43.245,43.428,42.348,41.323,39.918,39.805,40.158,38.518,37.663,37.325,36.773,35.498,36.223,34.747,34.72,34.98,35.002,35.007,35.069,35.127,35.225,35.338,35.461
E09000028,Southwark,Internal migration in,males,16,40.404,41.998,41.373,41.472,41.629,40.624,39.648,38.347,38.252,38.601,37.039,36.247,35.94,35.411,34.199,34.897,33.473,33.447,33.693,33.713,33.716,33.771,33.826,33.917,34.022
E09000028,Southwark,Internal migration in,males,17,45.064,46.99,48.453,47.275,47.385,47.492,46.671,45.355,44.192,43.974,44.459,42.778,41.941,41.487,40.919,39.611,40.349,38.692,38.655,38.921,38.94,38.921,38.963,39.014,39.104
E09000028,Southwark,Internal migration in,males,18,113.021,114.125,118.018,121.659,120.032,120.789,121.878,121.414,118.495,115.466,115.152,116.353,113.148,111.285,110.063,108.739,105.478,106.98,102.306,102.237,102.85,102.838,102.701,102.665,102.723
E09000028,Southwark,Internal migration in,males,19,511.206,523.412,526.131,537.441,555.652,552.773,558.321,566.27,565.293,551.766,539.871,538.556,545.661,532.782,524.458,519.42,512.637,499.446,505.815,482.209,481.892,484.55,484.548,483.784,483.34
E09000028,Southwark,Internal migration in,males,20,484.964,515.979,524.443,514.693,521.05,537.11,531.57,535.929,541.997,539.681,526.828,515.459,514.154,519.968,506.866,498.848,494.616,488.085,476.738,483.006,463.123,463.259,466.015,466.148,465.5
E09000028,Southwark,Internal migration in,males,21,519.228,568.653,602.939,598.141,585.171,591.521,608.349,603.729,608.323,614.822,613.502,598.916,586.075,585.079,591.498,577.357,568.632,564.008,556.632,544.67,551.407,530.086,530.209,533.225,533.322
E09000028,Southwark,Internal migration in,males,22,690.181,743.969,802.519,834.715,827.484,813.184,824.485,851.33,845.956,852.86,863.617,863.001,843.208,825.888,824.697,833.288,814.306,801.899,795.836,785.706,768.779,777.108,747.199,747.215,751.171
E09000028,Southwark,Internal migration in,males,23,774.622,801.891,847.979,886.696,913.558,906.121,894.087,908.749,939.209,933.79,941.492,954.097,953.587,933.039,914.112,912.481,922.183,901.66,887.821,881.464,870.296,851.634,860.509,827.346,827.303
E09000028,Southwark,Internal migration in,males,24,787.394,809.434,828.253,843.29,870.878,893.015,887.563,877.698,892.954,921.797,917.028,924.972,936.224,935.683,916.24,897.612,896.328,905.583,885.915,872.239,866.101,855.217,837.435,845.672,814.092
E09000028,Southwark,Internal migration in,males,25,742.779,789.289,802.178,798.124,807.377,832.029,853.956,851.388,842.896,857.1,883.78,879.293,886.401,896.561,895.919,877.339,859.864,858.746,867.484,848.872,836.024,830.233,819.996,803.227,811.268
E09000028,Southwark,Internal migration in,males,26,750.421,769.716,802.807,796.712,787.987,796.673,822.644,846.98,845.577,837.101,851.027,877.184,872.986,879.863,889.891,889.264,871.027,853.881,852.703,861.264,842.981,830.26,824.588,814.538,797.944
E09000028,Southwark,Internal migration in,males,27,756.478,801.824,812.058,826.179,815.692,806.918,817.729,845.734,871.085,869.764,861.214,875.374,901.989,897.83,904.786,915.041,914.455,895.989,878.606,877.362,886.051,867.551,854.565,848.789,838.617
E09000028,Southwark,Internal migration in,males,28,773.974,818.53,856.028,848.558,858.301,847.67,840.448,853.317,882.26,908.192,906.888,898.134,912.627,939.896,935.779,942.842,953.377,952.848,933.957,916.182,914.858,923.762,904.903,891.524,885.617
E09000028,Southwark,Internal migration in,males,29,775.856,811.271,845.735,865.301,854.56,863.945,854.655,849.128,862.055,890.375,916.034,914.879,906.258,920.673,947.798,943.822,950.853,961.41,960.948,942.228,924.612,923.304,932.152,913.507,900.194
E09000028,Southwark,Internal migration in,males,30,544.924,596.678,618.083,631.369,642.502,633.876,641.8,637.143,633.786,643.467,664.165,683.374,682.323,675.739,686.188,705.768,702.903,707.872,715.406,714.983,701.346,688.489,687.483,693.875,680.314
E09000028,Southwark,Internal migration in,males,31,550.262,557.948,600.488,608.46,617.933,628.688,621.943,630.588,626.278,622.922,632.131,651.915,670.392,669.468,663.16,673.263,692.204,689.477,694.267,701.598,701.221,688.064,675.677,674.702,680.878
E09000028,Southwark,Internal migration in,males,32,539.169,554.808,557.566,584.945,589.104,597.758,609.236,604.207,612.8,608.596,605.302,613.879,632.625,650.248,649.429,643.415,653.054,671.151,668.571,673.154,680.194,679.849,667.307,655.506,654.577
E09000028,Southwark,Internal migration in,males,33,508.429,535.268,545.264,537.911,560.177,563.417,572.308,584.365,580.22,588.282,584.124,580.86,588.885,606.46,623.087,622.4,616.759,625.881,643.049,640.625,644.972,651.69,651.371,639.526,628.379
E09000028,Southwark,Internal migration in,males,34,475.113,499.757,519.676,519.974,511.496,531.216,534.703,543.737,555.463,551.794,559.28,555.149,551.963,559.366,575.723,591.258,590.699,585.468,594.031,610.17,607.9,611.992,618.34,618.061,606.98
E09000028,Southwark,Internal migration in,males,35,343.032,358.099,372.879,380.486,379.342,373.503,388.385,391.405,398.55,407.13,404.311,409.819,407.019,404.768,410.127,421.926,433.186,432.764,428.924,435.091,446.698,445.06,448.013,452.567,452.351
E09000028,Southwark,Internal migration in,males,36,311.408,328.686,339.51,347.206,352.472,351.495,346.863,360.613,363.383,369.791,377.696,375.223,380.218,377.537,375.418,380.277,391.033,401.346,401.002,397.517,403.176,413.853,412.346,415.065,419.274
E09000028,Southwark,Internal migration in,males,37,292.468,299.145,312.684,317.565,323.365,327.859,327.546,324.018,336.429,338.71,344.522,351.858,349.646,354.228,351.665,349.645,354.07,363.932,373.425,373.155,369.964,375.182,385.047,383.656,386.173
E09000028,Southwark,Internal migration in,males,38,264.194,271.864,275.873,283.888,287.164,292.189,296.354,296.664,293.791,304.55,306.403,311.442,318.043,316.176,320.224,317.828,315.982,319.905,328.688,337.162,336.959,334.138,338.815,347.686,346.443
E09000028,Southwark,Internal migration in,males,39,236.759,245.595,250.422,250.82,257.134,259.905,264.694,268.664,269.159,266.67,275.973,277.452,281.877,287.871,286.259,289.874,287.638,285.942,289.437,297.29,304.904,304.76,302.25,306.463,314.479
E09000028,Southwark,Internal migration in,males,40,191.213,194.83,200.469,201.802,201.095,206.378,208.792,212.829,216.108,216.576,214.566,221.884,223.026,226.628,231.357,230.167,233.002,231.217,229.845,232.665,238.885,244.963,244.885,242.88,246.254
E09000028,Southwark,Internal migration in,males,41,178.052,175.684,177.773,180.937,181.674,181.169,186.16,188.501,192.182,195.069,195.478,193.707,200.114,201.032,204.209,208.458,207.42,209.951,208.312,207.054,209.561,215.114,220.555,220.507,218.729
E09000028,Southwark,Internal migration in,males,42,164.933,166.531,163.736,163.902,166.53,167.135,166.899,171.675,173.871,177.176,179.741,180.141,178.551,184.286,185.074,187.921,191.837,190.918,193.218,191.68,190.523,192.809,197.872,202.843,202.811
E09000028,Southwark,Internal migration in,males,43,155.93,154.073,154.645,150.885,150.664,153.17,153.862,153.948,158.415,160.379,163.353,165.645,166.041,164.6,169.725,170.365,172.931,176.534,175.721,177.82,176.378,175.3,177.383,182.002,186.555
E09000028,Southwark,Internal migration in,males,44,140.805,147.307,145.09,144.341,140.744,140.598,143.159,143.952,144.174,148.304,150.088,152.837,154.89,155.272,153.951,158.637,159.18,161.53,164.901,164.162,166.112,164.744,163.732,165.659,169.948
E09000028,Southwark,Internal migration in,males,45,127.766,134.416,139.836,137.067,136.206,132.908,132.511,135.091,135.823,136.124,140.11,141.785,144.371,146.24,146.651,145.432,149.788,150.3,152.568,155.725,155.076,156.922,155.661,154.71,156.5
E09000028,Southwark,Internal migration in,males,46,120.077,120.082,125.818,129.763,127.064,126.19,123.372,123.163,125.624,126.27,126.592,130.268,131.782,134.146,135.851,136.232,135.111,139.073,139.514,141.579,144.519,143.93,145.631,144.447,143.56
E09000028,Southwark,Internal migration in,males,47,111.354,111.091,110.92,115.467,118.888,116.537,115.726,113.437,113.338,115.68,116.219,116.583,119.956,121.316,123.444,124.966,125.325,124.307,127.876,128.243,130.088,132.798,132.286,133.83,132.719
E09000028,Southwark,Internal migration in,males,48,106.983,105.791,105.076,104.602,108.693,111.856,109.878,109.208,107.202,107.094,109.334,109.868,110.249,113.418,114.672,116.678,118.095,118.442,117.479,120.801,121.114,122.832,125.39,124.922,126.377
E09000028,Southwark,Internal migration in,males,49,99.443,101.247,99.875,98.502,97.993,101.952,104.955,103.174,102.553,100.719,100.657,102.826,103.315,103.707,106.672,107.822,109.687,110.997,111.331,110.433,113.505,113.776,115.362,117.775,117.345
E09000028,Southwark,Internal migration in,males,50,93.889,92.688,93.81,92.139,90.631,90.379,94.226,96.967,95.487,94.839,93.317,93.248,95.278,95.815,96.176,98.879,99.944,101.628,102.882,103.179,102.343,105.167,105.378,106.827,109.059
E09000028,Southwark,Internal migration in,males,51,90.708,88.62,87.192,87.828,86.143,84.747,84.639,88.311,90.911,89.554,88.911,87.543,87.51,89.454,89.933,90.3,92.846,93.825,95.395,96.566,96.845,96.069,98.691,98.877,100.226
E09000028,Southwark,Internal migration in,males,52,87.049,85.882,83.756,82.074,82.548,81.009,79.763,79.79,83.317,85.751,84.535,83.914,82.698,82.667,84.523,84.971,85.353,87.75,88.653,90.125,91.218,91.485,90.752,93.197,93.359
E09000028,Southwark,Internal migration in,males,53,82.482,82.631,81.356,79.081,77.428,77.804,76.426,75.304,75.413,78.767,81.099,79.991,79.389,78.278,78.255,80.036,80.465,80.854,83.128,83.967,85.353,86.387,86.645,85.943,88.239
E09000028,Southwark,Internal migration in,males,54,79.814,79.661,79.646,78.095,75.848,74.251,74.643,73.315,72.268,72.451,75.671,77.916,76.845,76.265,75.244,75.235,76.983,77.385,77.765,79.947,80.75,82.077,83.061,83.311,82.652
E09000028,Southwark,Internal migration in,males,55,69.414,69.176,68.757,68.416,67.065,65.189,63.829,64.38,63.376,62.388,62.552,65.249,67.155,66.238,65.745,64.83,64.784,66.239,66.582,66.877,68.778,69.477,70.618,71.493,71.687
E09000028,Southwark,Internal migration in,males,56,67.046,66.945,66.602,65.962,65.625,64.284,62.529,61.229,61.774,60.799,59.887,60.078,62.689,64.519,63.653,63.158,62.322,62.288,63.708,64.024,64.325,66.155,66.822,67.906,68.741
E09000028,Southwark,Internal migration in,males,57,63.718,63.771,63.562,63.103,62.415,62.108,60.939,59.343,58.149,58.659,57.763,56.909,57.124,59.614,61.351,60.55,60.074,59.301,59.275,60.63,60.924,61.233,62.968,63.605,64.636
E09000028,Southwark,Internal migration in,males,58,62.021,62.119,62.032,61.624,61.136,60.466,60.217,59.062,57.536,56.332,56.837,55.974,55.118,55.355,57.772,59.46,58.675,58.244,57.5,57.468,58.798,59.1,59.388,61.09,61.701
E09000028,Southwark,Internal migration in,males,59,57.61,58.975,58.961,58.812,58.342,57.924,57.241,57.11,56.034,54.61,53.492,53.904,53.104,52.296,52.596,54.927,56.518,55.814,55.404,54.717,54.697,55.992,56.282,56.574,58.191
E09000028,Southwark,Internal migration in,males,60,47.132,48.236,49.252,49.225,48.913,48.696,48.293,47.864,47.71,46.839,45.637,44.694,45.118,44.434,43.7,43.967,45.869,47.209,46.59,46.234,45.671,45.63,46.71,46.909,47.155
E09000028,Southwark,Internal migration in,males,61,42.431,44.033,44.851,45.748,45.686,45.464,45.133,44.804,44.374,44.322,43.488,42.411,41.526,41.869,41.281,40.568,40.893,42.688,43.915,43.374,43.068,42.55,42.513,43.533,43.733
E09000028,Southwark,Internal migration in,males,62,39.13,40.358,41.776,42.636,43.375,43.334,43.149,42.958,42.659,42.254,42.164,41.391,40.38,39.571,39.941,39.341,38.719,39.011,40.724,41.915,41.395,41.086,40.616,40.594,41.58
E09000028,Southwark,Internal migration in,males,63,34.194,35.169,36.184,37.348,38.159,38.759,38.728,38.544,38.421,38.156,37.777,37.74,37.045,36.117,35.382,35.72,35.173,34.643,34.923,36.475,37.56,37.096,36.807,36.415,36.391
E09000028,Southwark,Internal migration in,males,64,33.335,34.993,35.961,36.949,38.129,38.93,39.558,39.585,39.39,39.195,38.926,38.551,38.5,37.789,36.876,36.109,36.446,35.907,35.334,35.628,37.236,38.324,37.856,37.581,37.162
E09000028,Southwark,Internal migration in,males,65,20.926,21.301,22.303,22.848,23.443,24.293,24.751,25.213,25.135,25.191,25.002,24.844,24.611,24.575,24.153,23.603,23.226,23.334,23.042,22.703,22.91,23.913,24.607,24.342,24.174
E09000028,Southwark,Internal migration in,males,66,19.514,20.62,20.966,21.924,22.446,23.038,23.897,24.315,24.806,24.713,24.75,24.537,24.399,24.151,24.117,23.703,23.134,22.746,22.87,22.573,22.244,22.456,23.428,24.108,23.843
E09000028,Southwark,Internal migration in,males,67,17.465,18.009,19.013,19.287,20.175,20.627,21.197,22.003,22.422,22.852,22.766,22.809,22.651,22.537,22.339,22.291,21.914,21.401,21.055,21.175,20.894,20.623,20.799,21.695,22.344
E09000028,Southwark,Internal migration in,males,68,14.718,15.44,15.896,16.768,17.032,17.795,18.206,18.679,19.41,19.736,20.118,20.058,20.12,19.945,19.888,19.672,19.674,19.343,18.891,18.604,18.696,18.458,18.203,18.415,19.211
E09000028,Southwark,Internal migration in,males,69,12.796,13.231,13.816,14.231,14.993,15.22,15.913,16.3,16.746,17.355,17.708,18.026,17.977,18.024,17.891,17.812,17.637,17.643,17.339,16.96,16.692,16.776,16.571,16.337,16.524
E09000028,Southwark,Internal migration in,males,70,11.251,11.697,12.092,12.562,12.956,13.611,13.85,14.421,14.818,15.311,15.834,16.195,16.504,16.471,16.406,16.289,16.184,15.992,16.032,15.716,15.344,15.011,15.108,14.911,14.694
E09000028,Southwark,Internal migration in,males,71,9.509,9.761,10.1,10.418,10.824,11.163,11.731,11.924,12.431,12.775,13.183,13.63,13.965,14.21,14.167,14.129,14.053,13.986,13.807,13.856,13.588,13.259,12.991,13.069,12.893
E09000028,Southwark,Internal migration in,males,72,9.633,9.397,9.677,10.024,10.368,10.726,11.078,11.653,11.846,12.362,12.721,13.127,13.569,13.913,14.169,14.146,14.089,14.006,13.927,13.762,13.794,13.528,13.202,12.918,13.014
E09000028,Southwark,Internal migration in,males,73,8.029,8.004,7.781,8.021,8.301,8.527,8.845,9.118,9.576,9.763,10.182,10.483,10.819,11.152,11.421,11.622,11.632,11.597,11.494,11.442,11.286,11.356,11.121,10.879,10.638
E09000028,Southwark,Internal migration in,males,74,8.47,8.37,8.358,8.146,8.388,8.691,8.961,9.303,9.62,10.119,10.293,10.738,11.06,11.412,11.79,12.098,12.308,12.3,12.27,12.195,12.138,11.994,12.046,11.81,11.551
E09000028,Southwark,Internal migration in,males,75,6.138,5.798,5.738,5.691,5.609,5.769,5.969,6.173,6.373,6.583,6.928,7.045,7.364,7.518,7.792,8.05,8.274,8.395,8.407,8.375,8.402,8.322,8.276,8.305,8.153
E09000028,Southwark,Internal migration in,males,76,6.085,5.655,5.321,5.256,5.217,5.144,5.29,5.468,5.644,5.85,6.034,6.352,6.469,6.767,6.909,7.163,7.398,7.59,7.706,7.728,7.71,7.713,7.655,7.61,7.647
E09000028,Southwark,Internal migration in,males,77,4.362,5.553,5.134,4.83,4.772,4.729,4.653,4.787,4.957,5.105,5.295,5.462,5.755,5.862,6.117,6.249,6.479,6.694,6.857,6.971,6.979,6.976,6.971,6.928,6.877
E09000028,Southwark,Internal migration in,males,78,4.39,4.542,5.807,5.364,5.079,5.009,4.969,4.893,5.054,5.225,5.424,5.596,5.793,6.106,6.211,6.495,6.652,6.899,7.128,7.338,7.459,7.47,7.437,7.468,7.407
E09000028,Southwark,Internal migration in,males,79,3.852,3.782,3.904,4.991,4.595,4.321,4.257,4.224,4.178,4.291,4.435,4.574,4.746,4.902,5.159,5.266,5.5,5.629,5.824,6.016,6.181,6.274,6.289,6.289,6.3
E09000028,Southwark,Internal migration in,males,80,4.445,4.547,4.477,4.651,6.009,5.483,5.199,5.028,5.029,4.931,5.111,5.231,5.393,5.604,5.831,6.117,6.27,6.516,6.768,6.978,7.166,7.437,7.532,7.553,7.567
E09000028,Southwark,Internal migration in,males,81,4.054,4.498,4.567,4.504,4.686,6.058,5.531,5.262,5.113,5.123,5.024,5.215,5.347,5.545,5.747,6.005,6.3,6.443,6.718,6.989,7.212,7.414,7.715,7.809,7.84
E09000028,Southwark,Internal migration in,males,82,3.56,3.912,4.34,4.414,4.356,4.527,5.879,5.351,5.094,4.947,4.941,4.85,5.034,5.169,5.353,5.551,5.796,6.092,6.229,6.493,6.761,6.981,7.178,7.463,7.564
E09000028,Southwark,Internal migration in,males,83,3.726,3.296,3.633,4.031,4.121,4.071,4.24,5.509,5.015,4.765,4.626,4.63,4.54,4.714,4.83,5,5.2,5.419,5.695,5.839,6.086,6.337,6.543,6.729,6.998
E09000028,Southwark,Internal migration in,males,84,3.434,3.591,3.181,3.516,3.906,3.992,3.942,4.128,5.355,4.869,4.629,4.502,4.505,4.415,4.591,4.713,4.88,5.081,5.297,5.571,5.715,5.962,6.213,6.419,6.608
E09000028,Southwark,Internal migration in,males,85,2.731,2.715,2.814,2.5,2.747,3.057,3.095,3.058,3.166,4.143,3.747,3.575,3.525,3.526,3.489,3.646,3.752,3.906,4.069,4.256,4.484,4.577,4.775,4.955,5.151
E09000028,Southwark,Internal migration in,males,86,2.899,2.889,2.872,3.009,2.65,2.923,3.268,3.275,3.245,3.359,4.436,3.994,3.821,3.77,3.79,3.751,3.93,4.054,4.243,4.404,4.633,4.889,4.987,5.218,5.421
E09000028,Southwark,Internal migration in,males,87,2.527,2.559,2.571,2.55,2.638,2.356,2.61,2.932,2.972,2.942,3.053,4.039,3.621,3.445,3.402,3.413,3.371,3.531,3.645,3.792,3.963,4.152,4.388,4.487,4.69
E09000028,Southwark,Internal migration in,males,88,2.152,2.278,2.333,2.332,2.324,2.385,2.152,2.394,2.672,2.744,2.716,2.824,3.746,3.341,3.186,3.145,3.156,3.133,3.28,3.375,3.507,3.676,3.857,4.072,4.179
E09000028,Southwark,Internal migration in,males,89,1.861,1.928,2.016,2.078,2.107,2.092,2.128,1.928,2.148,2.408,2.492,2.461,2.565,3.404,3.033,2.88,2.852,2.869,2.839,2.984,3.076,3.182,3.363,3.523,3.728
E09000028,Southwark,Internal migration in,males,90 and over,7.59,7.651,7.824,8.063,8.361,8.612,8.822,9.03,9.009,9.218,9.643,10.1,10.478,10.902,12.109,12.735,13.114,13.358,13.547,13.678,13.902,14.161,14.486,14.928,15.474
E09000028,Southwark,Internal migration in,males,All ages,15327.234,15921.3,16382.234,16548.254,16642.184,16721.178,16819.509,16960.793,17106.966,17229.505,17337.258,17432.314,17520.301,17588.253,17638.294,17671.111,17688.575,17684.723,17674.837,17636.631,17594.772,17555.24,17504.957,17445.494,17390.711
E09000011,Greenwich,Internal migration in,males,0,67.606,68.422,69.391,69.442,69.454,69.558,69.694,69.958,70.257,70.579,70.929,71.324,71.757,72.223,72.72,73.252,73.803,74.351,74.881,75.389,75.83,76.181,76.458,76.669,76.827
E09000011,Greenwich,Internal migration in,males,1,171.222,165.869,167.603,169.274,169.259,169.245,169.473,169.801,170.416,171.11,171.86,172.682,173.616,174.648,175.757,176.945,178.22,179.541,180.853,182.123,183.334,184.386,185.214,185.869,186.36
E09000011,Greenwich,Internal migration in,males,2,156.022,164.981,159.29,159.294,160.52,160.477,160.47,160.715,161.028,161.582,162.209,162.89,163.643,164.503,165.453,166.478,167.577,168.757,169.98,171.194,172.369,173.489,174.459,175.219,175.818
E09000011,Greenwich,Internal migration in,males,3,142.084,137.219,144.285,137.762,137.443,138.449,138.46,138.527,138.736,138.992,139.447,139.964,140.53,141.158,141.879,142.681,143.546,144.474,145.472,146.509,147.534,148.527,149.472,150.287,150.922
E09000011,Greenwich,Internal migration in,males,4,130.278,129.949,125.087,130.237,124.004,123.714,124.689,124.792,124.873,125.037,125.257,125.652,126.101,126.593,127.142,127.777,128.484,129.249,130.07,130.954,131.871,132.779,133.658,134.492,135.21
E09000011,Greenwich,Internal migration in,males,5,91.158,92.009,91.595,87.06,90.472,86.157,85.997,86.716,86.802,86.887,87.007,87.16,87.429,87.733,88.07,88.442,88.875,89.361,89.885,90.45,91.059,91.691,92.316,92.92,93.491
E09000011,Greenwich,Internal migration in,males,6,77.493,76.191,76.462,75.644,71.752,74.518,70.959,70.879,71.47,71.531,71.593,71.68,71.799,72.013,72.255,72.523,72.821,73.171,73.565,73.99,74.449,74.945,75.461,75.97,76.461
E09000011,Greenwich,Internal migration in,males,7,81.604,78.121,76.596,76.277,75.439,71.562,74.465,70.912,70.858,71.447,71.511,71.57,71.646,71.763,71.973,72.21,72.473,72.766,73.111,73.5,73.92,74.374,74.864,75.375,75.877
E09000011,Greenwich,Internal migration in,males,8,73.76,77.172,73.816,71.886,71.46,70.634,67.133,69.798,66.532,66.486,67.034,67.088,67.137,67.21,67.318,67.512,67.731,67.975,68.248,68.569,68.93,69.321,69.742,70.199,70.674
E09000011,Greenwich,Internal migration in,males,9,73.549,72.866,75.93,72.253,70.292,69.851,69.134,65.719,68.329,65.156,65.114,65.644,65.694,65.744,65.818,65.923,66.111,66.324,66.561,66.827,67.139,67.491,67.872,68.283,68.727
E09000011,Greenwich,Internal migration in,males,10,67.709,66.888,66.152,68.491,65.184,63.484,63.031,62.451,59.386,61.559,58.76,58.699,59.16,59.193,59.235,59.302,59.392,59.558,59.745,59.956,60.193,60.472,60.787,61.128,61.497
E09000011,Greenwich,Internal migration in,males,11,74.204,72.321,71.331,70.2,72.579,69.075,67.307,66.844,66.313,63.086,65.441,62.433,62.369,62.859,62.894,62.938,63.003,63.098,63.272,63.469,63.69,63.939,64.234,64.566,64.925
E09000011,Greenwich,Internal migration in,males,12,69.495,67.905,66.097,64.868,63.877,65.92,62.918,61.407,60.979,60.492,57.615,59.688,57.01,56.961,57.407,57.44,57.476,57.543,57.629,57.785,57.963,58.163,58.389,58.655,58.955
E09000011,Greenwich,Internal migration in,males,13,58.797,60.582,59.125,57.329,56.178,55.354,57.012,54.515,53.232,52.839,52.427,49.966,51.725,49.399,49.358,49.738,49.763,49.79,49.842,49.913,50.044,50.193,50.362,50.553,50.779
E09000011,Greenwich,Internal migration in,males,14,59.183,60.373,61.958,60.305,58.473,57.23,56.518,58.087,55.708,54.437,54.045,53.544,51.229,52.875,50.581,50.544,50.929,50.96,50.983,51.041,51.112,51.244,51.394,51.562,51.755
E09000011,Greenwich,Internal migration in,males,15,59.489,59.074,60.168,61.184,59.475,57.697,56.616,55.901,57.304,54.852,53.558,53.18,52.73,50.354,52.021,49.692,49.653,50.028,50.055,50.075,50.124,50.197,50.327,50.474,50.638
E09000011,Greenwich,Internal migration in,males,16,53.702,56.068,55.632,56.326,57.172,55.635,54.001,52.978,52.372,53.609,51.384,50.201,49.864,49.419,47.249,48.764,46.598,46.564,46.91,46.932,46.946,46.989,47.054,47.172,47.306
E09000011,Greenwich,Internal migration in,males,17,50.35,52.073,54.288,53.646,53.97,55.089,53.834,52.212,51.4,50.813,51.958,49.978,49.021,48.475,48.119,45.991,47.617,45.385,45.337,45.647,45.658,45.664,45.683,45.735,45.835
E09000011,Greenwich,Internal migration in,males,18,106.126,106.22,109.551,113.239,111.947,113.098,114.755,113.053,110.11,107.886,106.954,109.117,105.476,103.602,102.606,101.669,97.882,100.317,95.755,95.639,96.206,96.2,96.144,96.138,96.204
E09000011,Greenwich,Internal migration in,males,19,315.384,323.446,324.933,332.095,343.51,341.334,344.745,350.623,348.928,340.163,332.58,331.672,337.124,327.731,322.684,319.607,316.048,306.522,311.227,296.922,296.583,298.156,298.1,297.722,297.468
E09000011,Greenwich,Internal migration in,males,20,273.038,291.766,298.023,292.89,297.177,306.73,304.554,307.136,311.753,310.411,302.841,296.178,295.89,299.834,291.916,287.541,285.069,281.809,274.267,278.474,266.496,266.441,267.958,267.917,267.496
E09000011,Greenwich,Internal migration in,males,21,300.807,324.365,346.514,346.47,339.221,343.76,354.716,352.265,355.051,360.113,359.235,350.266,343.089,342.673,347.051,338.408,333.111,330.648,326.868,318.644,323.202,310.211,310.193,311.927,311.851
E09000011,Greenwich,Internal migration in,males,22,389.733,414.335,444.603,466.374,464.252,455.639,462.013,477.203,474.565,478.204,484.716,484.224,472.553,463.405,462.665,467.79,456.897,449.867,446.63,441.266,431.15,436.545,419.424,419.448,421.716
E09000011,Greenwich,Internal migration in,males,23,411.696,424.081,443.994,461.398,477.607,475.17,468.206,475.767,491.626,489.302,493.06,499.891,499.391,488.141,478.53,477.607,483.112,471.982,464.752,461.438,455.866,445.44,450.748,433.102,433.03
E09000011,Greenwich,Internal migration in,males,24,381.845,393.007,399.542,404.513,415.255,427.244,425.573,420.142,427.407,441.163,439.015,442.132,448.02,447.389,437.858,429.341,428.742,433.481,423.935,417.455,414.566,409.755,400.672,405.447,390.05
E09000011,Greenwich,Internal migration in,males,25,363.879,387.433,395.058,391.36,394.585,404.338,415.668,415.131,410.011,416.876,429.718,427.569,430.84,436.072,435.522,426.212,418.037,417.328,421.906,412.744,406.476,403.851,399.112,390.545,395.175
E09000011,Greenwich,Internal migration in,males,26,370.703,382.168,399.235,396.873,390.789,393.851,404.648,417.185,417.164,412.092,418.904,431.655,429.576,432.793,437.986,437.45,428.248,420.115,419.388,423.906,414.825,408.57,405.955,401.253,392.716
E09000011,Greenwich,Internal migration in,males,27,370.628,394.96,401.623,408.778,404.157,398.242,402.433,414.38,427.268,427.24,422.234,429.137,442.049,439.985,443.251,448.503,448.005,438.758,430.533,429.794,434.339,425.208,418.875,416.208,411.454
E09000011,Greenwich,Internal migration in,males,28,376.204,399.336,419.429,416.808,421.614,416.848,411.861,417.116,429.641,442.634,442.548,437.569,444.571,457.702,455.653,458.948,464.263,463.827,454.466,446.09,445.336,449.931,440.702,434.24,431.522
E09000011,Greenwich,Internal migration in,males,29,383.974,398.614,416.839,427.506,423.019,427.63,423.462,419.48,424.973,437.497,450.408,450.328,445.451,452.473,465.613,463.622,466.913,472.242,471.86,462.539,454.158,453.426,457.982,448.818,442.347
E09000011,Greenwich,Internal migration in,males,30,376.29,405.296,415.773,425.736,434.075,429.167,434.741,432.246,428.804,434.45,447.077,460.172,459.938,454.913,461.921,474.982,472.969,476.285,481.481,481.019,471.673,463.304,462.538,467.095,457.895
E09000011,Greenwich,Internal migration in,males,31,375.166,385.496,409.262,411.174,418.357,426.373,422.652,428.619,426.259,422.959,428.423,440.599,453.217,453.009,448.241,455.042,467.723,465.805,469.001,474.062,473.663,464.629,456.526,455.788,460.184
E09000011,Greenwich,Internal migration in,males,32,374.224,385.971,391.876,406.423,406.3,413.089,421.583,418.812,424.854,422.476,419.32,424.605,436.468,448.734,448.535,443.947,450.59,462.975,461.124,464.24,469.195,468.83,460.049,452.141,451.428
E09000011,Greenwich,Internal migration in,males,33,356.579,371.242,378.932,377.093,388.956,388.774,395.58,404.324,402.041,407.679,405.251,402.289,407.307,418.535,430.098,429.938,425.681,431.965,443.709,441.987,444.948,449.663,449.338,441.059,433.567
E09000011,Greenwich,Internal migration in,males,34,337.663,353.027,363.722,364.649,361.332,372.271,372.766,379.644,388.163,386.099,391.354,388.898,386.094,390.82,401.454,412.364,412.235,408.266,414.227,425.374,423.753,426.561,431.047,430.763,422.945
E09000011,Greenwich,Internal migration in,males,35,301.246,314.919,326.458,330.723,330.255,327.061,337.922,339.138,345.668,353.311,351.38,356.127,354.081,351.566,355.853,365.398,375.203,375.086,371.472,376.795,386.767,385.324,387.83,391.835,391.56
E09000011,Greenwich,Internal migration in,males,36,275.134,291.283,301.369,306.954,309.684,309.331,306.74,317.048,318.299,324.203,331.301,329.589,333.939,331.963,329.628,333.575,342.393,351.472,351.383,348.077,353.021,362.309,360.965,363.297,367.04
E09000011,Greenwich,Internal migration in,males,37,257.991,264.975,277.712,282.54,286.789,289.267,289.329,287.383,296.964,298.058,303.459,310.046,308.464,312.472,310.557,308.403,312.053,320.233,328.634,328.573,325.546,330.125,338.736,337.5,339.669
E09000011,Greenwich,Internal migration in,males,38,237.905,244.526,249.162,257.252,260.721,264.351,266.765,267.414,265.728,274.159,275.066,279.835,285.875,284.557,288.168,286.348,284.361,287.679,295.101,302.755,302.734,300,304.201,312.125,310.991
E09000011,Greenwich,Internal migration in,males,39,214.413,223.348,227.664,228.946,235.514,238.445,242.048,244.548,245.311,243.769,251.254,252.008,256.274,261.781,260.617,263.866,262.141,260.33,263.335,270.079,277.032,277.033,274.577,278.401,285.632
E09000011,Greenwich,Internal migration in,males,40,183.46,187.433,193.441,194.807,195.289,201.115,203.991,207.159,209.183,209.944,208.599,214.714,215.184,218.761,223.458,222.544,225.348,223.825,222.286,224.83,230.552,236.468,236.512,234.445,237.738
E09000011,Greenwich,Internal migration in,males,41,171.631,169.912,172.468,176.119,176.989,177.41,182.844,185.525,188.542,190.437,191.079,189.835,195.33,195.72,198.92,203.174,202.342,204.872,203.448,202.056,204.353,209.534,214.881,214.928,213.085
E09000011,Greenwich,Internal migration in,males,42,158.968,160.673,158.644,159.429,162.499,163.177,163.76,168.923,171.408,174.125,175.813,176.438,175.284,180.233,180.565,183.444,187.361,186.624,188.921,187.583,186.306,188.408,193.145,198.042,198.094
E09000011,Greenwich,Internal migration in,males,43,151.905,152.412,152.957,150.088,150.459,153.439,154.11,154.931,159.863,162.166,164.594,166.137,166.792,165.67,170.189,170.441,173.101,176.793,176.147,178.295,177.025,175.81,177.773,182.195,186.798
E09000011,Greenwich,Internal migration in,males,44,139.237,144.059,143.893,143.282,140.422,140.797,143.745,144.49,145.322,149.891,151.962,154.26,155.676,156.285,155.231,159.429,159.646,162.097,165.545,164.952,166.947,165.731,164.601,166.431,170.559
E09000011,Greenwich,Internal migration in,males,45,118.466,125.776,129.716,128.663,127.761,125.486,125.791,128.685,129.356,130.203,134.364,136.193,138.121,139.328,139.968,139.035,142.665,142.813,144.982,148.076,147.589,149.351,148.303,147.259,148.895
E09000011,Greenwich,Internal migration in,males,46,109.562,112.666,119.143,122.07,120.918,119.956,118.058,118.476,121.261,121.857,122.681,126.582,128.255,130.053,131.175,131.774,130.895,134.239,134.361,136.361,139.278,138.833,140.479,139.478,138.497
E09000011,Greenwich,Internal migration in,males,47,104.899,103.119,105.668,111.078,113.751,112.676,111.697,110.217,110.674,113.351,113.811,114.619,118.265,119.801,121.436,122.45,123.024,122.201,125.269,125.361,127.183,129.905,129.517,131.033,130.08
E09000011,Greenwich,Internal migration in,males,48,96.782,96.773,94.804,96.606,101.227,103.649,102.74,102.101,100.65,101.041,103.435,103.953,104.639,107.907,109.218,110.807,111.758,112.246,111.5,114.312,114.389,116.036,118.514,118.153,119.531
E09000011,Greenwich,Internal migration in,males,49,92.812,93.639,93.274,91.015,92.607,97.13,99.565,98.744,98.014,96.79,97.188,99.554,99.985,100.705,103.855,105.1,106.578,107.483,107.972,107.245,109.891,109.955,111.51,113.896,113.568
E09000011,Greenwich,Internal migration in,males,50,90.588,89.265,89.802,89.062,86.683,88.465,92.64,94.917,94.291,93.519,92.494,92.841,95.08,95.523,96.203,99.252,100.481,101.876,102.755,103.234,102.546,105.08,105.141,106.656,108.926
E09000011,Greenwich,Internal migration in,males,51,84.639,84.566,83.116,83.27,82.46,80.279,81.969,85.871,88.026,87.433,86.717,85.783,86.128,88.214,88.626,89.262,92.072,93.185,94.493,95.314,95.748,95.115,97.455,97.511,98.9
E09000011,Greenwich,Internal migration in,males,52,81.737,80.027,79.699,78.066,78.153,77.359,75.461,77.056,80.772,82.827,82.281,81.592,80.769,81.089,83.066,83.44,84.067,86.7,87.72,88.944,89.717,90.123,89.523,91.707,91.75
E09000011,Greenwich,Internal migration in,males,53,78.482,78.681,76.862,76.229,74.625,74.712,73.962,72.273,73.787,77.373,79.405,78.886,78.171,77.457,77.764,79.684,80.037,80.658,83.187,84.162,85.319,86.063,86.463,85.872,87.947
E09000011,Greenwich,Internal migration in,males,54,74.687,74.255,74.32,72.376,71.644,70.157,70.268,69.544,68.006,69.453,72.794,74.716,74.197,73.549,72.894,73.18,74.991,75.323,75.908,78.264,79.153,80.254,80.957,81.323,80.786
E09000011,Greenwich,Internal migration in,males,55,65.593,65.535,64.987,64.951,63.3,62.5,61.28,61.479,60.896,59.516,60.746,63.587,65.222,64.739,64.227,63.532,63.779,65.302,65.574,66.062,68.087,68.83,69.843,70.459,70.786
E09000011,Greenwich,Internal migration in,males,56,65.777,65.478,65.3,64.541,64.465,62.729,61.938,60.752,61.032,60.385,59.101,60.342,63.217,64.873,64.411,63.805,63.231,63.486,65.036,65.269,65.784,67.821,68.572,69.54,70.138
E09000011,Greenwich,Internal migration in,males,57,61.248,61.644,61.325,61,60.237,60.2,58.654,57.897,56.849,57.121,56.522,55.368,56.513,59.227,60.795,60.365,59.799,59.276,59.528,60.984,61.193,61.698,63.593,64.294,65.206
E09000011,Greenwich,Internal migration in,males,58,58.687,58.577,58.86,58.336,58.007,57.258,57.292,55.848,55.122,54.085,54.328,53.783,52.658,53.75,56.303,57.787,57.364,56.878,56.354,56.566,57.954,58.182,58.643,60.446,61.096
E09000011,Greenwich,Internal migration in,males,59,55.576,56.386,56.242,56.406,55.827,55.558,54.81,54.89,53.534,52.831,51.848,52.053,51.521,50.463,51.531,53.991,55.412,55.022,54.569,54.064,54.275,55.624,55.853,56.296,58.027
E09000011,Greenwich,Internal migration in,males,60,42.044,42.756,43.436,43.358,43.473,42.803,42.679,42.118,42.225,41.258,40.67,39.88,40.061,39.691,38.753,39.591,41.474,42.517,42.167,41.888,41.456,41.61,42.617,42.808,43.107
E09000011,Greenwich,Internal migration in,males,61,39.131,40.599,41.109,41.756,41.663,41.806,41.052,40.964,40.414,40.54,39.595,39.046,38.253,38.416,38.09,37.162,37.982,39.787,40.775,40.451,40.202,39.784,39.91,40.879,41.078
E09000011,Greenwich,Internal migration in,males,62,34.889,35.856,37.084,37.665,38.139,38.065,38.192,37.651,37.557,37.074,37.169,36.32,35.828,35.141,35.321,34.983,34.197,34.932,36.615,37.554,37.252,36.999,36.644,36.786,37.695
E09000011,Greenwich,Internal migration in,males,63,30.561,31.124,31.923,32.901,33.471,33.852,33.793,33.874,33.467,33.378,32.93,33.036,32.272,31.794,31.181,31.352,31.032,30.367,31.023,32.532,33.397,33.129,32.883,32.601,32.731
E09000011,Greenwich,Internal migration in,males,64,30.182,31.561,32.142,32.882,33.925,34.457,34.871,34.855,34.939,34.459,34.375,33.92,34.046,33.263,32.765,32.145,32.334,31.995,31.328,32.021,33.593,34.464,34.195,33.957,33.667
E09000011,Greenwich,Internal migration in,males,65,22.548,23.289,24.303,24.644,25.234,26.053,26.463,26.796,26.713,26.909,26.39,26.383,26.047,26.063,25.466,25.16,24.592,24.715,24.454,23.901,24.453,25.658,26.335,26.147,25.995
E09000011,Greenwich,Internal migration in,males,66,20.201,21.323,21.974,22.854,23.194,23.737,24.55,24.875,25.25,25.168,25.324,24.812,24.815,24.481,24.551,24.005,23.66,23.145,23.253,23.007,22.503,23.037,24.166,24.796,24.62
E09000011,Greenwich,Internal migration in,males,67,17.653,17.965,18.938,19.514,20.274,20.588,21.123,21.83,22.152,22.499,22.411,22.576,22.128,22.147,21.861,21.922,21.445,21.141,20.685,20.767,20.564,20.115,20.565,21.574,22.154
E09000011,Greenwich,Internal migration in,males,68,15.656,16.704,16.965,17.868,18.401,19.129,19.431,19.893,20.569,20.871,21.177,21.098,21.257,20.82,20.843,20.554,20.627,20.17,19.884,19.465,19.562,19.359,18.944,19.397,20.362
E09000011,Greenwich,Internal migration in,males,69,13.552,13.739,14.603,14.863,15.648,16.104,16.758,17.049,17.475,18.04,18.331,18.6,18.566,18.71,18.349,18.378,18.138,18.198,17.811,17.571,17.202,17.282,17.109,16.738,17.141
E09000011,Greenwich,Internal migration in,males,70,12.255,12.816,12.973,13.803,14.087,14.756,15.227,15.801,16.098,16.556,17.045,17.366,17.577,17.548,17.698,17.469,17.424,17.252,17.326,16.945,16.798,16.501,16.564,16.413,16.122
E09000011,Greenwich,Internal migration in,males,71,10.758,10.946,11.423,11.568,12.248,12.542,13.121,13.549,14.079,14.365,14.773,15.185,15.506,15.684,15.661,15.788,15.629,15.597,15.445,15.506,15.175,15.04,14.775,14.831,14.696
E09000011,Greenwich,Internal migration in,males,72,9.891,9.73,9.886,10.291,10.407,11.033,11.282,11.827,12.199,12.679,12.944,13.301,13.682,13.967,14.136,14.119,14.229,14.054,14.033,13.878,13.951,13.658,13.521,13.28,13.332
E09000011,Greenwich,Internal migration in,males,73,9.262,9.339,9.203,9.326,9.698,9.808,10.377,10.603,11.115,11.466,11.949,12.188,12.52,12.865,13.142,13.295,13.281,13.375,13.224,13.207,13.067,13.126,12.83,12.705,12.467
E09000011,Greenwich,Internal migration in,males,74,9.067,8.975,9.078,8.936,9.076,9.43,9.558,10.138,10.388,10.896,11.227,11.676,11.928,12.252,12.606,12.891,13.029,13.027,13.14,13.008,12.993,12.864,12.939,12.673,12.559
E09000011,Greenwich,Internal migration in,males,75,8.536,7.751,7.649,7.728,7.55,7.648,7.918,8.004,8.499,8.67,9.102,9.408,9.779,10.002,10.241,10.569,10.768,10.876,10.854,10.936,10.756,10.759,10.625,10.692,10.409
E09000011,Greenwich,Internal migration in,males,76,9.738,8.791,7.956,7.84,7.938,7.77,7.846,8.137,8.223,8.744,8.907,9.356,9.679,10.099,10.301,10.541,10.883,11.092,11.194,11.177,11.265,11.075,11.088,10.948,11.005
E09000011,Greenwich,Internal migration in,males,77,6.744,8.755,7.904,7.152,7.048,7.126,6.963,7.049,7.309,7.386,7.86,8.004,8.421,8.709,9.068,9.267,9.483,9.796,9.98,10.088,10.067,10.158,9.977,9.994,9.862
E09000011,Greenwich,Internal migration in,males,78,5.665,5.949,7.738,6.962,6.35,6.218,6.287,6.147,6.241,6.455,6.54,6.931,7.084,7.443,7.693,8.016,8.206,8.406,8.674,8.858,8.955,8.948,9.017,8.883,8.896
E09000011,Greenwich,Internal migration in,males,79,5.824,5.638,5.922,7.714,6.924,6.303,6.183,6.241,6.111,6.2,6.405,6.481,6.893,7.037,7.402,7.646,7.97,8.167,8.354,8.631,8.806,8.902,8.898,8.986,8.836
E09000011,Greenwich,Internal migration in,males,80,6.299,6.597,6.324,6.66,8.651,7.803,7.112,7.001,7.043,6.848,6.962,7.273,7.325,7.816,7.956,8.408,8.661,9.056,9.25,9.512,9.844,10.001,10.15,10.203,10.226
E09000011,Greenwich,Internal migration in,males,81,5.579,6.135,6.428,6.174,6.513,8.475,7.626,6.96,6.856,6.899,6.723,6.839,7.127,7.19,7.671,7.809,8.256,8.502,8.899,9.095,9.348,9.674,9.847,9.993,10.043
E09000011,Greenwich,Internal migration in,males,82,4.76,5.258,5.777,6.049,5.829,6.153,8.053,7.198,6.584,6.467,6.507,6.337,6.455,6.737,6.807,7.251,7.412,7.828,8.068,8.455,8.658,8.898,9.207,9.378,9.518
E09000011,Greenwich,Internal migration in,males,83,5.035,4.461,4.951,5.458,5.72,5.526,5.844,7.663,6.844,6.249,6.147,6.185,6.038,6.145,6.403,6.474,6.904,7.044,7.452,7.684,8.06,8.25,8.484,8.779,8.968
E09000011,Greenwich,Internal migration in,males,84,4.721,4.675,4.192,4.63,5.097,5.337,5.17,5.463,7.139,6.411,5.857,5.793,5.813,5.666,5.804,6.069,6.134,6.56,6.719,7.116,7.339,7.692,7.899,8.144,8.431
E09000011,Greenwich,Internal migration in,males,85,3.36,3.364,3.175,2.835,3.197,3.551,3.708,3.592,3.808,5.033,4.452,4.054,4.03,4.067,3.988,4.042,4.224,4.273,4.564,4.658,4.92,5.102,5.358,5.464,5.612
E09000011,Greenwich,Internal migration in,males,86,2.817,2.962,2.976,2.84,2.558,2.884,3.209,3.367,3.28,3.45,4.572,4.032,3.703,3.664,3.674,3.593,3.66,3.824,3.862,4.124,4.215,4.463,4.614,4.845,4.962
E09000011,Greenwich,Internal migration in,males,87,2.563,2.608,2.765,2.754,2.641,2.39,2.683,2.989,3.121,3.063,3.219,4.269,3.774,3.451,3.465,3.471,3.4,3.479,3.659,3.698,3.963,4.073,4.314,4.475,4.695
E09000011,Greenwich,Internal migration in,males,88,2.284,2.406,2.449,2.576,2.584,2.47,2.227,2.524,2.824,2.972,2.906,3.071,4.069,3.589,3.295,3.28,3.302,3.245,3.31,3.46,3.507,3.749,3.852,4.08,4.231
E09000011,Greenwich,Internal migration in,males,89,2.137,2.154,2.242,2.282,2.426,2.41,2.315,2.107,2.38,2.66,2.797,2.74,2.888,3.824,3.389,3.11,3.111,3.132,3.058,3.141,3.307,3.348,3.605,3.707,3.941
E09000011,Greenwich,Internal migration in,males,90 and over,9.5,9.661,9.867,10.18,10.546,10.963,11.318,11.488,11.369,11.609,12.135,12.752,13.206,13.786,15.41,16.192,16.516,16.728,16.902,16.966,17.077,17.329,17.606,18.104,18.655
E09000011,Greenwich,Internal migration in,males,All ages,11156.281,11512.654,11793.955,11900.728,11959.948,12006.906,12071.989,12158.399,12245.441,12320.859,12390.418,12457.391,12519.921,12568.685,12614.476,12655.76,12687.666,12709.067,12728.975,12733.429,12735.25,12735.425,12729.236,12720.12,12710.421
